year;N_Community;date.x;date_decl;syndrome
2006;711;2006-02-04;04.02.2006;1
2010;1042;2010-11-27;27.11.2010;1
2012;786;2012-01-16;16.01.2012;1
2013;170;2013-03-20;20.03.2013;1
2006;686;2006-09-15;15.09.2006;1
2010;1634;2010-05-12;12.05.2010;1
2012;1576;2012-02-27;27.02.2012;1
2012;1241;2012-10-21;21.10.2012;1
2009;697;2009-05-03;03.05.2009;1
2012;1178;2012-04-07;07.04.2012;1
2011;1108;2011-10-19;19.10.2011;1
2007;1216;2007-06-19;19.06.2007;1
2010;1165;2010-03-24;24.03.2010;1
2009;1398;2009-04-22;22.04.2009;1
2013;580;2013-01-11;11.01.2013;1
2009;561;2009-09-22;22.09.2009;1
2007;1118;2007-01-15;15.01.2007;1
2013;143;2013-09-20;20.09.2013;1
2009;457;2009-07-26;26.07.2009;1
2008;1000;2008-12-13;13.12.2008;1
2009;679;2009-04-06;06.04.2009;1
2006;309;2006-11-16;16.11.2006;1
2011;1446;2011-06-26;26.06.2011;1
2010;197;2010-07-24;24.07.2010;1
2010;1053;2010-01-08;08.01.2010;1
2008;810;2008-04-12;12.04.2008;1
2013;868;2013-05-07;07.05.2013;1
2013;552;2013-03-15;15.03.2013;1
2008;997;2008-03-12;12.03.2008;1
2009;1293;2009-11-21;21.11.2009;1
2007;243;2007-10-18;18.10.2007;1
2010;1338;2010-12-03;03.12.2010;1
2010;1636;2010-09-29;29.09.2010;1
2011;1362;2011-03-21;21.03.2011;1
2006;205;2006-08-20;20.08.2006;1
2006;777;2006-12-01;01.12.2006;1
2007;989;2007-10-31;31.10.2007;1
2009;7;2009-11-20;20.11.2009;1
2007;1619;2007-04-07;07.04.2007;1
2006;272;2006-10-13;13.10.2006;1
2010;283;2010-08-29;29.08.2010;1
2013;1245;2013-05-21;21.05.2013;1
2011;996;2011-04-01;01.04.2011;1
2011;185;2011-12-02;02.12.2011;1
2011;1235;2011-06-05;05.06.2011;1
2013;689;2013-03-20;20.03.2013;1
2012;455;2012-11-30;30.11.2012;1
2012;1063;2012-12-11;11.12.2012;1
2011;1423;2011-07-10;10.07.2011;1
2011;506;2011-08-23;23.08.2011;1
2009;1029;2009-04-19;19.04.2009;1
2008;1668;2008-09-20;20.09.2008;1
2007;701;2007-10-24;24.10.2007;1
2007;190;2007-10-17;17.10.2007;1
2011;1149;2011-03-24;24.03.2011;1
2007;1486;2007-06-14;14.06.2007;1
2008;610;2008-11-28;28.11.2008;1
2006;1583;2006-01-01;01.01.2006;1
2010;474;2010-06-29;29.06.2010;1
2006;1103;2006-01-05;05.01.2006;1
2013;666;2013-10-28;28.10.2013;1
2013;1625;2013-05-25;25.05.2013;1
2013;1401;2013-05-24;24.05.2013;1
2009;699;2009-03-02;02.03.2009;1
2009;877;2009-11-07;07.11.2009;1
2012;1432;2012-06-06;06.06.2012;1
2008;640;2008-09-21;21.09.2008;1
2012;1283;2012-11-28;28.11.2012;1
2008;55;2008-03-27;27.03.2008;1
2009;509;2009-06-24;24.06.2009;1
2006;416;2006-11-20;20.11.2006;1
2010;883;2010-04-26;26.04.2010;1
2008;393;2008-08-05;05.08.2008;1
2007;1681;2007-08-29;29.08.2007;1
2010;1527;2010-01-17;17.01.2010;1
2011;57;2011-06-03;03.06.2011;1
2010;1418;2010-08-29;29.08.2010;1
2012;1596;2012-12-18;18.12.2012;1
2008;264;2008-08-02;02.08.2008;1
2012;174;2012-10-18;18.10.2012;1
2013;1173;2013-09-15;15.09.2013;1
2007;173;2007-03-22;22.03.2007;1
2006;1266;2006-06-21;21.06.2006;1
2012;977;2012-09-07;07.09.2012;1
2008;1542;2008-04-14;14.04.2008;1
2011;257;2011-03-07;07.03.2011;1
2006;516;2006-05-28;28.05.2006;1
2011;839;2011-09-09;09.09.2011;1
2008;770;2008-03-01;01.03.2008;1
2010;81;2010-04-12;12.04.2010;1
2006;1654;2006-08-04;04.08.2006;1
2013;46;2013-11-05;05.11.2013;1
2009;54;2009-09-28;28.09.2009;1
2012;927;2012-09-16;16.09.2012;1
2008;438;2008-04-26;26.04.2008;1
2013;369;2013-06-27;27.06.2013;1
2007;199;2007-07-28;28.07.2007;1
2008;754;2008-07-01;01.07.2008;1
2009;1004;2009-02-27;27.02.2009;1
2011;373;2011-04-28;28.04.2011;1
2012;1426;2012-03-03;03.03.2012;1
2006;490;2006-01-24;24.01.2006;1
2006;332;2006-05-15;15.05.2006;1
2010;1033;2010-10-07;07.10.2010;1
2013;1203;2013-03-26;26.03.2013;1
2007;1634;2007-09-08;08.09.2007;1
2010;228;2010-04-26;26.04.2010;1
2009;1230;2009-10-10;10.10.2009;1
2006;1670;2006-08-12;12.08.2006;1
2010;662;2010-03-27;27.03.2010;1
2013;1226;2013-06-11;11.06.2013;1
2006;1134;2006-05-10;10.05.2006;1
2012;862;2012-01-07;07.01.2012;1
2010;908;2010-12-11;11.12.2010;1
2007;1029;2007-07-31;31.07.2007;1
2006;1041;2006-12-15;15.12.2006;1
2013;1677;2013-07-07;07.07.2013;1
2010;484;2010-08-25;25.08.2010;1
2012;956;2012-02-14;14.02.2012;1
2011;571;2011-11-04;04.11.2011;1
2012;430;2012-03-12;12.03.2012;1
2012;713;2012-11-30;30.11.2012;1
2011;1276;2011-09-25;25.09.2011;1
2008;881;2008-09-06;06.09.2008;1
2013;635;2013-06-04;04.06.2013;1
2007;478;2007-04-03;03.04.2007;1
2010;118;2010-05-26;26.05.2010;1
2007;455;2007-11-22;22.11.2007;1
2009;355;2009-12-01;01.12.2009;1
2012;1126;2012-10-07;07.10.2012;1
2008;56;2008-08-07;07.08.2008;1
2012;944;2012-03-12;12.03.2012;1
2009;464;2009-02-25;25.02.2009;1
2013;18;2013-01-29;29.01.2013;1
2010;1447;2010-02-11;11.02.2010;1
2008;1056;2008-01-14;14.01.2008;1
2009;136;2009-04-27;27.04.2009;1
2006;486;2006-01-13;13.01.2006;1
2011;562;2011-08-30;30.08.2011;1
2010;1078;2010-07-23;23.07.2010;1
2007;1111;2007-06-20;20.06.2007;1
2007;383;2007-07-05;05.07.2007;1
2009;440;2009-12-02;02.12.2009;1
2006;942;2006-12-02;02.12.2006;1
2013;846;2013-12-08;08.12.2013;1
2011;645;2011-04-24;24.04.2011;1
2013;274;2013-06-24;24.06.2013;1
2011;323;2011-07-02;02.07.2011;1
2013;1548;2013-09-24;24.09.2013;1
2012;478;2012-11-29;29.11.2012;1
2006;1572;2006-07-25;25.07.2006;1
2006;1645;2006-01-20;20.01.2006;1
2009;291;2009-01-02;02.01.2009;1
2007;2;2007-04-04;04.04.2007;1
2007;864;2007-02-19;19.02.2007;1
2009;954;2009-03-20;20.03.2009;1
2012;56;2012-07-10;10.07.2012;1
2010;977;2010-08-06;06.08.2010;1
2009;929;2009-11-06;06.11.2009;1
2007;1333;2007-05-15;15.05.2007;1
2008;826;2008-09-08;08.09.2008;1
2007;1659;2007-01-31;31.01.2007;1
2010;851;2010-03-10;10.03.2010;1
2007;1277;2007-03-07;07.03.2007;1
2008;502;2008-10-30;30.10.2008;1
2009;1289;2009-01-13;13.01.2009;1
2010;1198;2010-04-26;26.04.2010;1
2012;39;2012-09-05;05.09.2012;1
2009;785;2009-05-23;23.05.2009;1
2011;430;2011-03-24;24.03.2011;1
2007;1034;2007-08-11;11.08.2007;1
2010;1064;2010-10-23;23.10.2010;1
2006;1258;2006-07-16;16.07.2006;1
2007;1390;2007-08-31;31.08.2007;1
2013;1111;2013-07-31;31.07.2013;1
2007;557;2007-10-25;25.10.2007;1
2009;820;2009-11-30;30.11.2009;1
2006;1290;2006-10-19;19.10.2006;1
2012;312;2012-08-18;18.08.2012;1
2006;207;2006-07-16;16.07.2006;1
2007;230;2007-04-15;15.04.2007;1
2011;325;2011-10-25;25.10.2011;1
2008;1475;2008-11-05;05.11.2008;1
2008;1626;2008-01-26;26.01.2008;1
2007;1406;2007-11-21;21.11.2007;1
2007;1453;2007-11-16;16.11.2007;1
2012;1095;2012-01-04;04.01.2012;1
2010;675;2010-06-15;15.06.2010;1
2011;1076;2011-03-12;12.03.2011;1
2009;1447;2009-05-20;20.05.2009;1
2007;395;2007-08-11;11.08.2007;1
2008;1152;2008-03-14;14.03.2008;1
2012;446;2012-10-11;11.10.2012;1
2012;1553;2012-04-17;17.04.2012;1
2011;182;2011-07-03;03.07.2011;1
2007;865;2007-12-24;24.12.2007;1
2008;356;2008-07-07;07.07.2008;1
2007;1117;2007-12-13;13.12.2007;1
2008;67;2008-04-15;15.04.2008;1
2013;215;2013-01-25;25.01.2013;1
2011;680;2011-12-27;27.12.2011;1
2009;907;2009-09-04;04.09.2009;1
2008;1228;2008-05-01;01.05.2008;1
2008;1480;2008-08-24;24.08.2008;1
2010;781;2010-08-29;29.08.2010;1
2006;997;2006-07-20;20.07.2006;1
2006;144;2006-04-15;15.04.2006;1
2012;1230;2012-05-02;02.05.2012;1
2008;244;2008-04-28;28.04.2008;1
2006;1229;2006-06-17;17.06.2006;1
2007;950;2007-11-09;09.11.2007;1
2008;1287;2008-06-15;15.06.2008;1
2006;814;2006-01-05;05.01.2006;1
2007;1118;2007-10-15;15.10.2007;1
2012;422;2012-10-29;29.10.2012;1
2010;675;2010-01-21;21.01.2010;1
2006;1309;2006-12-25;25.12.2006;1
2006;1008;2006-01-01;01.01.2006;1
2007;795;2007-03-10;10.03.2007;1
2011;427;2011-03-06;06.03.2011;1
2013;689;2013-02-14;14.02.2013;1
2012;227;2012-10-16;16.10.2012;1
2011;1258;2011-09-22;22.09.2011;1
2013;659;2013-05-03;03.05.2013;1
2012;97;2012-05-08;08.05.2012;1
2013;210;2013-11-06;06.11.2013;1
2006;22;2006-06-08;08.06.2006;1
2006;870;2006-11-17;17.11.2006;1
2012;520;2012-07-20;20.07.2012;1
2008;283;2008-11-20;20.11.2008;1
2013;1010;2013-03-30;30.03.2013;1
2009;1621;2009-10-15;15.10.2009;1
2008;1223;2008-12-23;23.12.2008;1
2010;1560;2010-04-02;02.04.2010;1
2011;249;2011-09-07;07.09.2011;1
2012;1661;2012-07-21;21.07.2012;1
2009;1262;2009-02-09;09.02.2009;1
2011;572;2011-01-21;21.01.2011;1
2011;292;2011-06-11;11.06.2011;1
2009;992;2009-09-11;11.09.2009;1
2012;293;2012-04-02;02.04.2012;1
2009;1219;2009-12-20;20.12.2009;1
2013;1616;2013-06-06;06.06.2013;1
2009;290;2009-12-18;18.12.2009;1
2013;1280;2013-08-04;04.08.2013;1
2010;128;2010-08-03;03.08.2010;1
2007;1288;2007-08-12;12.08.2007;1
2009;342;2009-07-22;22.07.2009;1
2008;169;2008-01-23;23.01.2008;1
2010;931;2010-09-25;25.09.2010;1
2013;730;2013-05-18;18.05.2013;1
2010;1653;2010-06-21;21.06.2010;1
2013;1548;2013-03-09;09.03.2013;1
2006;288;2006-05-31;31.05.2006;1
2010;1401;2010-01-28;28.01.2010;1
2010;658;2010-11-05;05.11.2010;1
2009;259;2009-11-10;10.11.2009;1
2007;917;2007-08-01;01.08.2007;1
2013;1397;2013-07-20;20.07.2013;1
2007;1198;2007-11-06;06.11.2007;1
2007;1303;2007-10-27;27.10.2007;1
2013;769;2013-07-27;27.07.2013;1
2013;65;2013-02-02;02.02.2013;1
2010;977;2010-12-28;28.12.2010;1
2010;814;2010-06-01;01.06.2010;1
2009;1128;2009-12-22;22.12.2009;1
2010;321;2010-12-13;13.12.2010;1
2010;705;2010-05-24;24.05.2010;1
2012;833;2012-07-10;10.07.2012;1
2008;1539;2008-04-08;08.04.2008;1
2012;523;2012-01-12;12.01.2012;1
2013;203;2013-03-10;10.03.2013;1
2013;1139;2013-01-09;09.01.2013;1
2009;1376;2009-06-07;07.06.2009;1
2011;1313;2011-04-07;07.04.2011;1
2012;780;2012-05-31;31.05.2012;1
2006;1294;2006-03-13;13.03.2006;1
2013;103;2013-04-21;21.04.2013;1
2009;217;2009-10-30;30.10.2009;1
2009;576;2009-12-10;10.12.2009;1
2012;185;2012-02-09;09.02.2012;1
2013;451;2013-11-29;29.11.2013;1
2010;249;2010-12-16;16.12.2010;1
2006;333;2006-12-07;07.12.2006;1
2013;286;2013-04-18;18.04.2013;1
2013;456;2013-01-29;29.01.2013;1
2011;49;2011-08-06;06.08.2011;1
2009;30;2009-04-13;13.04.2009;1
2010;1322;2010-12-02;02.12.2010;1
2010;651;2010-07-02;02.07.2010;1
2013;1644;2013-01-12;12.01.2013;1
2006;250;2006-05-08;08.05.2006;1
2006;1098;2006-05-07;07.05.2006;1
2008;1068;2008-09-01;01.09.2008;1
2009;375;2009-04-11;11.04.2009;1
2010;1562;2010-01-18;18.01.2010;1
2010;64;2010-11-03;03.11.2010;1
2010;70;2010-03-09;09.03.2010;1
2008;221;2008-10-06;06.10.2008;1
2007;859;2007-12-28;28.12.2007;1
2007;96;2007-12-31;31.12.2007;1
2011;1340;2011-05-03;03.05.2011;1
2007;870;2007-09-30;30.09.2007;1
2006;118;2006-09-27;27.09.2006;1
2013;1192;2013-05-06;06.05.2013;1
2009;196;2009-02-04;04.02.2009;1
2006;801;2006-08-26;26.08.2006;1
2007;239;2007-09-30;30.09.2007;1
2006;449;2006-09-06;06.09.2006;1
2010;1195;2010-08-26;26.08.2010;1
2009;1256;2009-10-06;06.10.2009;1
2013;664;2013-03-31;31.03.2013;1
2008;541;2008-11-12;12.11.2008;1
2007;709;2007-05-15;15.05.2007;1
2007;620;2007-07-25;25.07.2007;1
2010;413;2010-02-02;02.02.2010;1
2008;1575;2008-02-11;11.02.2008;1
2006;1387;2006-04-10;10.04.2006;1
2012;1283;2012-12-04;04.12.2012;1
2008;935;2008-09-08;08.09.2008;1
2010;237;2010-12-15;15.12.2010;1
2010;1159;2010-06-08;08.06.2010;1
2007;314;2007-05-31;31.05.2007;1
2006;881;2006-12-19;19.12.2006;1
2010;27;2010-01-01;01.01.2010;1
2012;483;2012-06-04;04.06.2012;1
2006;778;2006-06-13;13.06.2006;1
2013;1018;2013-05-11;11.05.2013;1
2010;301;2010-07-25;25.07.2010;1
2013;889;2013-05-29;29.05.2013;1
2009;635;2009-01-22;22.01.2009;1
2011;85;2011-04-14;14.04.2011;1
2007;696;2007-09-28;28.09.2007;1
2009;1505;2009-12-31;31.12.2009;1
2006;799;2006-06-16;16.06.2006;1
2008;522;2008-11-22;22.11.2008;1
2013;240;2013-09-27;27.09.2013;1
2009;504;2009-02-08;08.02.2009;1
2006;1561;2006-05-27;27.05.2006;1
2006;1027;2006-08-29;29.08.2006;1
2012;1171;2012-05-23;23.05.2012;1
2006;1357;2006-09-23;23.09.2006;1
2007;52;2007-12-24;24.12.2007;1
2009;1156;2009-06-05;05.06.2009;1
2009;62;2009-02-27;27.02.2009;1
2010;1309;2010-11-21;21.11.2010;1
2007;955;2007-05-01;01.05.2007;1
2010;41;2010-07-23;23.07.2010;1
2010;1220;2010-01-07;07.01.2010;1
2011;269;2011-09-01;01.09.2011;1
2006;1595;2006-05-09;09.05.2006;1
2006;178;2006-09-20;20.09.2006;1
2010;1523;2010-09-23;23.09.2010;1
2006;751;2006-04-21;21.04.2006;1
2012;198;2012-03-21;21.03.2012;1
2007;920;2007-02-15;15.02.2007;1
2007;1468;2007-02-05;05.02.2007;1
2010;414;2010-01-05;05.01.2010;1
2011;1128;2011-10-26;26.10.2011;1
2006;664;2006-11-11;11.11.2006;1
2012;303;2012-07-08;08.07.2012;1
2012;1572;2012-03-22;22.03.2012;1
2012;736;2012-06-11;11.06.2012;1
2011;709;2011-03-01;01.03.2011;1
2008;759;2008-09-24;24.09.2008;1
2007;1213;2007-02-11;11.02.2007;1
2009;1043;2009-11-24;24.11.2009;1
2009;1242;2009-03-02;02.03.2009;1
2011;467;2011-01-03;03.01.2011;1
2011;1316;2011-06-26;26.06.2011;1
2010;1495;2010-04-03;03.04.2010;1
2010;782;2010-05-28;28.05.2010;1
2011;538;2011-07-11;11.07.2011;1
2008;563;2008-12-18;18.12.2008;1
2007;1517;2007-01-08;08.01.2007;1
2009;613;2009-09-13;13.09.2009;1
2008;924;2008-10-24;24.10.2008;1
2012;931;2012-12-27;27.12.2012;1
2008;1478;2008-09-21;21.09.2008;1
2006;1527;2006-01-12;12.01.2006;1
2006;1573;2006-06-08;08.06.2006;1
2009;357;2009-09-22;22.09.2009;1
2011;1679;2011-07-28;28.07.2011;1
2009;787;2009-09-05;05.09.2009;1
2008;278;2008-05-30;30.05.2008;1
2011;1032;2011-03-19;19.03.2011;1
2012;411;2012-07-28;28.07.2012;1
2011;843;2011-01-16;16.01.2011;1
2010;1159;2010-03-31;31.03.2010;1
2013;84;2013-06-11;11.06.2013;1
2006;984;2006-05-12;12.05.2006;1
2012;1614;2012-03-02;02.03.2012;1
2007;729;2007-03-13;13.03.2007;1
2008;635;2008-12-12;12.12.2008;1
2012;1377;2012-09-26;26.09.2012;1
2006;1561;2006-07-23;23.07.2006;1
2008;567;2008-08-08;08.08.2008;1
2013;1610;2013-08-17;17.08.2013;1
2006;1617;2006-05-24;24.05.2006;1
2013;469;2013-07-21;21.07.2013;1
2007;766;2007-10-16;16.10.2007;1
2009;1467;2009-04-05;05.04.2009;1
2012;1212;2012-10-30;30.10.2012;1
2013;718;2013-05-13;13.05.2013;1
2008;1075;2008-10-16;16.10.2008;1
2006;989;2006-09-18;18.09.2006;1
2009;1307;2009-02-09;09.02.2009;1
2009;292;2009-06-11;11.06.2009;1
2013;1007;2013-01-10;10.01.2013;1
2011;1148;2011-08-30;30.08.2011;1
2007;629;2007-09-24;24.09.2007;1
2010;32;2010-03-16;16.03.2010;1
2011;1110;2011-10-27;27.10.2011;1
2007;1277;2007-11-20;20.11.2007;1
2010;738;2010-10-15;15.10.2010;1
2009;736;2009-12-14;14.12.2009;1
2011;890;2011-05-20;20.05.2011;1
2010;206;2010-09-14;14.09.2010;1
2011;1302;2011-07-15;15.07.2011;1
2013;1429;2013-10-29;29.10.2013;1
2011;912;2011-10-10;10.10.2011;1
2006;1098;2006-09-05;05.09.2006;1
2008;186;2008-04-16;16.04.2008;1
2011;166;2011-12-23;23.12.2011;1
2011;582;2011-02-19;19.02.2011;1
2010;149;2010-03-11;11.03.2010;1
2011;770;2011-07-02;02.07.2011;1
2010;667;2010-06-27;27.06.2010;1
2010;707;2010-09-28;28.09.2010;1
2007;858;2007-08-29;29.08.2007;1
2006;1597;2006-12-01;01.12.2006;1
2013;1057;2013-04-30;30.04.2013;1
2007;1395;2007-12-31;31.12.2007;1
2011;19;2011-12-18;18.12.2011;1
2010;236;2010-03-16;16.03.2010;1
2007;39;2007-12-23;23.12.2007;1
2007;1439;2007-12-31;31.12.2007;1
2008;922;2008-12-13;13.12.2008;1
2012;114;2012-09-04;04.09.2012;1
2007;88;2007-12-26;26.12.2007;1
2011;1028;2011-06-11;11.06.2011;1
2009;407;2009-10-20;20.10.2009;1
2012;1600;2012-08-12;12.08.2012;1
2013;795;2013-05-10;10.05.2013;1
2006;380;2006-12-12;12.12.2006;1
2008;1326;2008-12-13;13.12.2008;1
2012;499;2012-10-29;29.10.2012;1
2006;412;2006-04-08;08.04.2006;1
2012;1097;2012-03-02;02.03.2012;1
2010;438;2010-02-24;24.02.2010;1
2013;131;2013-10-10;10.10.2013;1
2006;984;2006-07-02;02.07.2006;1
2006;957;2006-09-11;11.09.2006;1
2011;23;2011-10-02;02.10.2011;1
2006;644;2006-12-24;24.12.2006;1
2008;1499;2008-01-29;29.01.2008;1
2009;505;2009-08-30;30.08.2009;1
2006;612;2006-05-06;06.05.2006;1
2008;729;2008-10-01;01.10.2008;1
2012;918;2012-01-07;07.01.2012;1
2012;994;2012-10-27;27.10.2012;1
2012;1051;2012-09-07;07.09.2012;1
2007;965;2007-01-23;23.01.2007;1
2006;984;2006-05-09;09.05.2006;1
2008;1261;2008-01-17;17.01.2008;1
2010;1400;2010-05-04;04.05.2010;1
2011;855;2011-07-29;29.07.2011;1
2006;533;2006-10-24;24.10.2006;1
2011;1475;2011-10-29;29.10.2011;1
2008;1631;2008-08-18;18.08.2008;1
2013;1532;2013-09-20;20.09.2013;1
2006;316;2006-07-23;23.07.2006;1
2006;40;2006-09-15;15.09.2006;1
2009;1241;2009-05-06;06.05.2009;1
2008;1054;2008-01-28;28.01.2008;1
2010;627;2010-12-30;30.12.2010;1
2008;134;2008-07-17;17.07.2008;1
2006;777;2006-11-13;13.11.2006;1
2006;1408;2006-03-18;18.03.2006;1
2006;257;2006-12-26;26.12.2006;1
2012;1415;2012-09-02;02.09.2012;1
2009;78;2009-02-08;08.02.2009;1
2012;842;2012-08-19;19.08.2012;1
2007;1314;2007-12-17;17.12.2007;1
2013;1364;2013-08-21;21.08.2013;1
2012;110;2012-08-18;18.08.2012;1
2008;159;2008-10-19;19.10.2008;1
2010;213;2010-03-14;14.03.2010;1
2013;172;2013-06-30;30.06.2013;1
2012;37;2012-03-18;18.03.2012;1
2009;1392;2009-05-29;29.05.2009;1
2008;1561;2008-08-28;28.08.2008;1
2009;1395;2009-02-09;09.02.2009;1
2009;1027;2009-03-11;11.03.2009;1
2011;187;2011-07-19;19.07.2011;1
2008;1540;2008-07-27;27.07.2008;1
2009;1632;2009-12-18;18.12.2009;1
2006;33;2006-11-08;08.11.2006;1
2013;122;2013-03-09;09.03.2013;1
2006;567;2006-04-07;07.04.2006;1
2008;1275;2008-07-10;10.07.2008;1
2009;871;2009-10-13;13.10.2009;1
2007;1271;2007-10-02;02.10.2007;1
2012;1095;2012-05-22;22.05.2012;1
2009;1114;2009-09-13;13.09.2009;1
2011;517;2011-07-30;30.07.2011;1
2006;65;2006-12-02;02.12.2006;1
2008;1288;2008-07-11;11.07.2008;1
2009;529;2009-04-04;04.04.2009;1
2012;450;2012-10-21;21.10.2012;1
2012;210;2012-05-27;27.05.2012;1
2010;1002;2010-01-14;14.01.2010;1
2007;937;2007-10-31;31.10.2007;1
2013;815;2013-03-21;21.03.2013;1
2011;1504;2011-08-06;06.08.2011;1
2010;1677;2010-05-31;31.05.2010;1
2007;1042;2007-11-26;26.11.2007;1
2008;1254;2008-01-07;07.01.2008;1
2011;569;2011-01-08;08.01.2011;1
2011;420;2011-04-18;18.04.2011;1
2010;1526;2010-01-17;17.01.2010;1
2007;1222;2007-05-10;10.05.2007;1
2013;409;2013-12-12;12.12.2013;1
2007;1038;2007-06-03;03.06.2007;1
2007;1129;2007-08-13;13.08.2007;1
2012;1107;2012-03-13;13.03.2012;1
2007;1380;2007-03-23;23.03.2007;1
2012;1513;2012-02-26;26.02.2012;1
2007;1387;2007-08-11;11.08.2007;1
2008;1047;2008-04-13;13.04.2008;1
2012;372;2012-08-04;04.08.2012;1
2007;252;2007-01-15;15.01.2007;1
2007;183;2007-03-09;09.03.2007;1
2012;1003;2012-04-09;09.04.2012;1
2010;684;2010-05-16;16.05.2010;1
2011;1528;2011-05-19;19.05.2011;1
2010;1293;2010-05-25;25.05.2010;1
2013;1088;2013-08-10;10.08.2013;1
2006;1288;2006-04-21;21.04.2006;1
2009;1301;2009-11-06;06.11.2009;1
2008;867;2008-06-13;13.06.2008;1
2011;654;2011-09-09;09.09.2011;1
2012;1035;2012-07-09;09.07.2012;1
2006;616;2006-05-08;08.05.2006;1
2007;1645;2007-05-20;20.05.2007;1
2013;1014;2013-09-25;25.09.2013;1
2007;448;2007-09-28;28.09.2007;1
2008;909;2008-06-17;17.06.2008;1
2009;1034;2009-01-03;03.01.2009;1
2012;1267;2012-12-16;16.12.2012;1
2008;163;2008-08-18;18.08.2008;1
2007;358;2007-05-22;22.05.2007;1
2012;1442;2012-03-27;27.03.2012;1
2010;1035;2010-08-24;24.08.2010;1
2009;1557;2009-03-27;27.03.2009;1
2009;1145;2009-06-07;07.06.2009;1
2012;968;2012-05-21;21.05.2012;1
2012;1348;2012-02-02;02.02.2012;1
2012;1137;2012-11-04;04.11.2012;1
2013;204;2013-06-17;17.06.2013;1
2010;253;2010-03-20;20.03.2010;1
2013;138;2013-02-25;25.02.2013;1
2011;668;2011-08-22;22.08.2011;1
2007;1394;2007-09-04;04.09.2007;1
2011;1346;2011-06-13;13.06.2011;1
2009;581;2009-12-12;12.12.2009;1
2012;1011;2012-04-07;07.04.2012;1
2009;153;2009-08-03;03.08.2009;1
2007;335;2007-12-15;15.12.2007;1
2013;1495;2013-01-29;29.01.2013;1
2007;448;2007-06-25;25.06.2007;1
2013;1068;2013-03-24;24.03.2013;1
2011;205;2011-05-29;29.05.2011;1
2008;448;2008-05-10;10.05.2008;1
2012;107;2012-11-16;16.11.2012;1
2009;964;2009-06-20;20.06.2009;1
2006;1099;2006-04-09;09.04.2006;1
2013;1194;2013-05-20;20.05.2013;1
2008;473;2008-04-29;29.04.2008;1
2007;663;2007-06-23;23.06.2007;1
2010;1214;2010-10-04;04.10.2010;1
2011;7;2011-02-06;06.02.2011;1
2012;19;2012-04-03;03.04.2012;1
2008;1029;2008-10-06;06.10.2008;1
2012;1125;2012-06-17;17.06.2012;1
2008;794;2008-12-31;31.12.2008;1
2008;195;2008-10-18;18.10.2008;1
2006;915;2006-05-28;28.05.2006;1
2010;120;2010-12-24;24.12.2010;1
2009;1065;2009-02-10;10.02.2009;1
2010;1142;2010-12-21;21.12.2010;1
2009;738;2009-08-25;25.08.2009;1
2008;635;2008-02-02;02.02.2008;1
2009;1259;2009-11-23;23.11.2009;1
2007;1133;2007-06-22;22.06.2007;1
2007;419;2007-03-25;25.03.2007;1
2007;429;2007-03-17;17.03.2007;1
2011;284;2011-07-21;21.07.2011;1
2008;175;2008-06-28;28.06.2008;1
2006;383;2006-02-10;10.02.2006;1
2009;1509;2009-06-08;08.06.2009;1
2006;695;2006-05-10;10.05.2006;1
2008;413;2008-01-05;05.01.2008;1
2010;1219;2010-03-15;15.03.2010;1
2009;781;2009-04-21;21.04.2009;1
2007;253;2007-08-10;10.08.2007;1
2013;1215;2013-05-30;30.05.2013;1
2009;297;2009-12-31;31.12.2009;1
2012;501;2012-02-08;08.02.2012;1
2013;34;2013-07-12;12.07.2013;1
2009;553;2009-05-05;05.05.2009;1
2008;1217;2008-03-07;07.03.2008;1
2009;1243;2009-01-17;17.01.2009;1
2009;118;2009-10-01;01.10.2009;1
2008;480;2008-09-08;08.09.2008;1
2008;996;2008-04-27;27.04.2008;1
2007;789;2007-02-03;03.02.2007;1
2011;459;2011-06-19;19.06.2011;1
2006;1126;2006-08-15;15.08.2006;1
2008;191;2008-10-04;04.10.2008;1
2006;1302;2006-10-01;01.10.2006;1
2012;672;2012-08-23;23.08.2012;1
2008;1542;2008-06-03;03.06.2008;1
2008;613;2008-03-25;25.03.2008;1
2009;1350;2009-02-04;04.02.2009;1
2012;947;2012-04-06;06.04.2012;1
2013;1559;2013-01-06;06.01.2013;1
2008;195;2008-05-07;07.05.2008;1
2009;599;2009-08-04;04.08.2009;1
2012;1160;2012-07-08;08.07.2012;1
2010;22;2010-02-08;08.02.2010;1
2012;1526;2012-11-15;15.11.2012;1
2013;1339;2013-03-11;11.03.2013;1
2006;343;2006-11-22;22.11.2006;1
2011;1292;2011-06-21;21.06.2011;1
2011;1262;2011-06-30;30.06.2011;1
2007;925;2007-04-28;28.04.2007;1
2012;388;2012-07-22;22.07.2012;1
2011;1362;2011-02-03;03.02.2011;1
2006;1258;2006-03-14;14.03.2006;1
2012;1402;2012-09-08;08.09.2012;1
2008;724;2008-07-11;11.07.2008;1
2009;1064;2009-01-23;23.01.2009;1
2013;570;2013-01-21;21.01.2013;1
2007;1387;2007-01-27;27.01.2007;1
2013;300;2013-07-01;01.07.2013;1
2011;672;2011-10-23;23.10.2011;1
2006;1113;2006-09-09;09.09.2006;1
2011;1631;2011-09-18;18.09.2011;1
2008;1410;2008-03-07;07.03.2008;1
2007;1408;2007-10-30;30.10.2007;1
2010;1625;2010-11-05;05.11.2010;1
2008;1005;2008-09-22;22.09.2008;1
2008;705;2008-02-12;12.02.2008;1
2010;832;2010-04-25;25.04.2010;1
2010;1218;2010-07-13;13.07.2010;1
2011;1095;2011-08-04;04.08.2011;1
2013;1485;2013-10-12;12.10.2013;1
2012;1059;2012-08-02;02.08.2012;1
2006;297;2006-09-14;14.09.2006;1
2007;43;2007-11-28;28.11.2007;1
2011;1195;2011-02-24;24.02.2011;1
2008;758;2008-02-26;26.02.2008;1
2006;1644;2006-08-17;17.08.2006;1
2009;218;2009-04-03;03.04.2009;1
2008;718;2008-02-24;24.02.2008;1
2012;654;2012-12-03;03.12.2012;1
2011;449;2011-08-15;15.08.2011;1
2011;87;2011-12-08;08.12.2011;1
2012;335;2012-05-06;06.05.2012;1
2009;1098;2009-02-05;05.02.2009;1
2008;1271;2008-10-11;11.10.2008;1
2006;857;2006-11-19;19.11.2006;1
2013;152;2013-07-16;16.07.2013;1
2009;1663;2009-03-18;18.03.2009;1
2008;412;2008-03-04;04.03.2008;1
2011;1513;2011-03-28;28.03.2011;1
2006;872;2006-08-15;15.08.2006;1
2007;221;2007-11-17;17.11.2007;1
2013;1144;2013-06-11;11.06.2013;1
2013;991;2013-10-21;21.10.2013;1
2011;980;2011-11-09;09.11.2011;1
2008;947;2008-04-13;13.04.2008;1
2013;258;2013-12-10;10.12.2013;1
2008;758;2008-10-22;22.10.2008;1
2006;1085;2006-12-28;28.12.2006;1
2008;709;2008-03-10;10.03.2008;1
2006;456;2006-03-10;10.03.2006;1
2008;136;2008-06-07;07.06.2008;1
2010;56;2010-02-21;21.02.2010;1
2012;1605;2012-01-30;30.01.2012;1
2013;1388;2013-03-26;26.03.2013;1
2009;1382;2009-03-11;11.03.2009;1
2008;736;2008-07-20;20.07.2008;1
2011;1067;2011-04-24;24.04.2011;1
2006;1249;2006-08-04;04.08.2006;1
2011;1356;2011-03-04;04.03.2011;1
2010;617;2010-08-03;03.08.2010;1
2006;1335;2006-10-07;07.10.2006;1
2008;129;2008-06-13;13.06.2008;1
2012;439;2012-09-02;02.09.2012;1
2010;895;2010-06-19;19.06.2010;1
2009;705;2009-11-10;10.11.2009;1
2013;933;2013-11-20;20.11.2013;1
2010;852;2010-07-28;28.07.2010;1
2011;972;2011-01-11;11.01.2011;1
2011;1007;2011-07-23;23.07.2011;1
2006;873;2006-11-07;07.11.2006;1
2007;542;2007-08-17;17.08.2007;1
2011;233;2011-01-14;14.01.2011;1
2007;791;2007-08-10;10.08.2007;1
2008;934;2008-11-14;14.11.2008;1
2012;994;2012-01-29;29.01.2012;1
2011;561;2011-07-19;19.07.2011;1
2009;612;2009-08-02;02.08.2009;1
2012;1632;2012-09-19;19.09.2012;1
2012;1522;2012-10-14;14.10.2012;1
2012;268;2012-05-24;24.05.2012;1
2013;910;2013-04-07;07.04.2013;1
2013;1505;2013-06-29;29.06.2013;1
2010;1480;2010-04-14;14.04.2010;1
2011;1197;2011-03-25;25.03.2011;1
2010;891;2010-08-15;15.08.2010;1
2010;380;2010-09-06;06.09.2010;1
2007;1110;2007-10-24;24.10.2007;1
2006;706;2006-12-13;13.12.2006;1
2007;1351;2007-01-06;06.01.2007;1
2009;1356;2009-07-21;21.07.2009;1
2012;995;2012-09-02;02.09.2012;1
2010;1194;2010-01-02;02.01.2010;1
2013;1150;2013-03-09;09.03.2013;1
2011;45;2011-07-20;20.07.2011;1
2011;1412;2011-02-26;26.02.2011;1
2008;1064;2008-09-01;01.09.2008;1
2011;1614;2011-02-01;01.02.2011;1
2010;603;2010-04-27;27.04.2010;1
2012;791;2012-05-21;21.05.2012;1
2010;1333;2010-12-18;18.12.2010;1
2013;1555;2013-04-13;13.04.2013;1
2007;1068;2007-11-23;23.11.2007;1
2011;946;2011-11-30;30.11.2011;1
2012;1604;2012-05-11;11.05.2012;1
2010;1432;2010-03-07;07.03.2010;1
2012;1055;2012-10-10;10.10.2012;1
2010;866;2010-07-14;14.07.2010;1
2009;1628;2009-12-30;30.12.2009;1
2010;958;2010-05-06;06.05.2010;1
2011;334;2011-10-23;23.10.2011;1
2009;585;2009-12-22;22.12.2009;1
2010;1094;2010-01-29;29.01.2010;1
2013;984;2013-07-18;18.07.2013;1
2010;1289;2010-07-22;22.07.2010;1
2007;1615;2007-07-01;01.07.2007;1
2006;676;2006-05-18;18.05.2006;1
2006;870;2006-03-16;16.03.2006;1
2012;1348;2012-08-30;30.08.2012;1
2010;544;2010-05-25;25.05.2010;1
2012;654;2012-07-14;14.07.2012;1
2006;846;2006-04-16;16.04.2006;1
2009;1287;2009-05-22;22.05.2009;1
2010;728;2010-03-20;20.03.2010;1
2006;436;2006-11-17;17.11.2006;1
2009;270;2009-10-09;09.10.2009;1
2010;634;2010-06-07;07.06.2010;1
2011;346;2011-02-22;22.02.2011;1
2012;65;2012-12-27;27.12.2012;1
2007;85;2007-11-12;12.11.2007;1
2013;1554;2013-02-28;28.02.2013;1
2008;1547;2008-12-19;19.12.2008;1
2012;1337;2012-05-05;05.05.2012;1
2007;1188;2007-04-03;03.04.2007;1
2010;237;2010-12-31;31.12.2010;1
2010;1073;2010-11-03;03.11.2010;1
2011;986;2011-08-08;08.08.2011;1
2008;1585;2008-04-24;24.04.2008;1
2009;310;2009-12-30;30.12.2009;1
2010;1674;2010-01-14;14.01.2010;1
2006;1468;2006-11-17;17.11.2006;1
2006;162;2006-10-11;11.10.2006;1
2013;665;2013-12-12;12.12.2013;1
2008;1129;2008-12-14;14.12.2008;1
2009;775;2009-01-01;01.01.2009;1
2011;899;2011-10-09;09.10.2011;1
2009;563;2009-10-04;04.10.2009;1
2007;799;2007-11-20;20.11.2007;1
2008;895;2008-12-04;04.12.2008;1
2010;1279;2010-01-09;09.01.2010;1
2011;1371;2011-07-14;14.07.2011;1
2006;1062;2006-01-22;22.01.2006;1
2007;1672;2007-12-30;30.12.2007;1
2010;1266;2010-02-19;19.02.2010;1
2010;1145;2010-12-04;04.12.2010;1
2013;324;2013-09-14;14.09.2013;1
2013;574;2013-01-03;03.01.2013;1
2013;1203;2013-11-04;04.11.2013;1
2006;1470;2006-02-18;18.02.2006;1
2011;1083;2011-06-29;29.06.2011;1
2009;1316;2009-07-22;22.07.2009;1
2013;910;2013-06-23;23.06.2013;1
2013;1102;2013-06-03;03.06.2013;1
2009;66;2009-04-10;10.04.2009;1
2007;1132;2007-03-26;26.03.2007;1
2009;1369;2009-07-24;24.07.2009;1
2013;1465;2013-05-19;19.05.2013;1
2007;628;2007-05-05;05.05.2007;1
2009;721;2009-09-25;25.09.2009;1
2012;125;2012-02-27;27.02.2012;1
2009;353;2009-02-13;13.02.2009;1
2012;1095;2012-03-17;17.03.2012;1
2013;411;2013-10-27;27.10.2013;1
2009;304;2009-09-22;22.09.2009;1
2013;1664;2013-12-20;20.12.2013;1
2011;629;2011-08-31;31.08.2011;1
2007;967;2007-11-17;17.11.2007;1
2007;238;2007-05-01;01.05.2007;1
2013;344;2013-09-23;23.09.2013;1
2011;102;2011-04-17;17.04.2011;1
2009;75;2009-12-25;25.12.2009;1
2010;571;2010-03-18;18.03.2010;1
2013;1077;2013-09-26;26.09.2013;1
2009;1334;2009-12-22;22.12.2009;1
2011;1014;2011-10-21;21.10.2011;1
2010;282;2010-09-01;01.09.2010;1
2006;1655;2006-07-07;07.07.2006;1
2013;1016;2013-04-15;15.04.2013;1
2006;1148;2006-01-03;03.01.2006;1
2008;661;2008-06-06;06.06.2008;1
2012;1232;2012-04-27;27.04.2012;1
2010;43;2010-11-24;24.11.2010;1
2010;333;2010-02-03;03.02.2010;1
2013;1619;2013-09-25;25.09.2013;1
2007;57;2007-09-29;29.09.2007;1
2007;659;2007-10-20;20.10.2007;1
2008;488;2008-12-18;18.12.2008;1
2008;1488;2008-05-05;05.05.2008;1
2006;208;2006-06-18;18.06.2006;1
2008;840;2008-08-31;31.08.2008;1
2010;541;2010-05-19;19.05.2010;1
2006;584;2006-04-13;13.04.2006;1
2013;1422;2013-02-13;13.02.2013;1
2013;1313;2013-06-03;03.06.2013;1
2010;1580;2010-03-13;13.03.2010;1
2009;988;2009-01-24;24.01.2009;1
2007;185;2007-02-26;26.02.2007;1
2006;875;2006-05-07;07.05.2006;1
2010;600;2010-05-02;02.05.2010;1
2013;1648;2013-12-12;12.12.2013;1
2008;180;2008-12-30;30.12.2008;1
2011;624;2011-11-19;19.11.2011;1
2008;987;2008-11-18;18.11.2008;1
2010;592;2010-02-11;11.02.2010;1
2006;457;2006-01-26;26.01.2006;1
2011;970;2011-01-17;17.01.2011;1
2007;703;2007-11-07;07.11.2007;1
2007;1569;2007-01-29;29.01.2007;1
2009;754;2009-08-01;01.08.2009;1
2009;1129;2009-02-10;10.02.2009;1
2013;1023;2013-03-02;02.03.2013;1
2011;158;2011-03-10;10.03.2011;1
2007;632;2007-11-29;29.11.2007;1
2007;993;2007-07-30;30.07.2007;1
2007;878;2007-04-29;29.04.2007;1
2012;197;2012-12-19;19.12.2012;1
2010;1167;2010-09-18;18.09.2010;1
2006;932;2006-05-26;26.05.2006;1
2009;619;2009-01-24;24.01.2009;1
2008;783;2008-02-07;07.02.2008;1
2008;856;2008-07-01;01.07.2008;1
2010;674;2010-11-10;10.11.2010;1
2010;679;2010-04-09;09.04.2010;1
2010;991;2010-09-01;01.09.2010;1
2012;351;2012-02-16;16.02.2012;1
2012;61;2012-08-21;21.08.2012;1
2006;866;2006-11-03;03.11.2006;1
2009;476;2009-09-19;19.09.2009;1
2006;1017;2006-08-25;25.08.2006;1
2006;829;2006-09-19;19.09.2006;1
2009;861;2009-03-08;08.03.2009;1
2010;374;2010-01-04;04.01.2010;1
2012;1634;2012-07-22;22.07.2012;1
2009;1634;2009-03-05;05.03.2009;1
2009;1279;2009-02-16;16.02.2009;1
2009;86;2009-05-21;21.05.2009;1
2013;281;2013-02-05;05.02.2013;1
2011;750;2011-05-14;14.05.2011;1
2006;1373;2006-04-02;02.04.2006;1
2008;1504;2008-06-08;08.06.2008;1
2006;1055;2006-08-16;16.08.2006;1
2008;637;2008-06-26;26.06.2008;1
2012;787;2012-10-05;05.10.2012;1
2013;1308;2013-02-18;18.02.2013;1
2006;490;2006-09-06;06.09.2006;1
2010;1139;2010-07-24;24.07.2010;1
2006;1502;2006-08-01;01.08.2006;1
2013;1278;2013-06-11;11.06.2013;1
2013;1281;2013-02-01;01.02.2013;1
2006;872;2006-12-13;13.12.2006;1
2006;1115;2006-05-08;08.05.2006;1
2010;805;2010-06-04;04.06.2010;1
2011;1287;2011-06-01;01.06.2011;1
2013;463;2013-08-14;14.08.2013;1
2006;937;2006-04-08;08.04.2006;1
2010;791;2010-03-19;19.03.2010;1
2009;885;2009-01-05;05.01.2009;1
2006;1521;2006-05-07;07.05.2006;1
2008;698;2008-02-14;14.02.2008;1
2013;641;2013-06-13;13.06.2013;1
2008;1247;2008-09-23;23.09.2008;1
2012;1458;2012-04-04;04.04.2012;1
2012;1451;2012-11-03;03.11.2012;1
2012;389;2012-09-05;05.09.2012;1
2006;582;2006-03-13;13.03.2006;1
2011;111;2011-08-16;16.08.2011;1
2010;1391;2010-06-12;12.06.2010;1
2012;103;2012-12-08;08.12.2012;1
2007;649;2007-08-13;13.08.2007;1
2008;239;2008-11-04;04.11.2008;1
2012;86;2012-02-04;04.02.2012;1
2007;1260;2007-03-29;29.03.2007;1
2013;894;2013-05-30;30.05.2013;1
2012;494;2012-07-03;03.07.2012;1
2013;555;2013-05-26;26.05.2013;1
2009;753;2009-08-07;07.08.2009;1
2011;428;2011-12-24;24.12.2011;1
2009;640;2009-11-08;08.11.2009;1
2008;465;2008-08-29;29.08.2008;1
2012;1640;2012-09-03;03.09.2012;1
2011;154;2011-04-14;14.04.2011;1
2012;150;2012-11-14;14.11.2012;1
2013;505;2013-05-05;05.05.2013;1
2009;22;2009-10-31;31.10.2009;1
2009;447;2009-06-10;10.06.2009;1
2011;823;2011-06-05;05.06.2011;1
2010;597;2010-12-22;22.12.2010;1
2006;547;2006-11-14;14.11.2006;1
2011;786;2011-09-16;16.09.2011;1
2008;1422;2008-06-02;02.06.2008;1
2006;294;2006-09-01;01.09.2006;1
2006;543;2006-10-06;06.10.2006;1
2007;1102;2007-02-25;25.02.2007;1
2010;598;2010-05-03;03.05.2010;1
2012;236;2012-03-27;27.03.2012;1
2013;1049;2013-12-24;24.12.2013;1
2007;1495;2007-09-06;06.09.2007;1
2013;415;2013-06-09;09.06.2013;1
2011;272;2011-05-18;18.05.2011;1
2012;1011;2012-12-05;05.12.2012;1
2008;1056;2008-05-09;09.05.2008;1
2007;350;2007-11-27;27.11.2007;1
2012;825;2012-01-12;12.01.2012;1
2006;1354;2006-05-07;07.05.2006;1
2007;439;2007-04-22;22.04.2007;1
2009;1643;2009-05-30;30.05.2009;1
2007;1076;2007-08-03;03.08.2007;1
2012;1118;2012-06-20;20.06.2012;1
2010;1184;2010-09-10;10.09.2010;1
2013;938;2013-06-26;26.06.2013;1
2013;689;2013-12-03;03.12.2013;1
2006;1569;2006-07-14;14.07.2006;1
2007;481;2007-04-05;05.04.2007;1
2010;306;2010-06-26;26.06.2010;1
2008;1306;2008-02-17;17.02.2008;1
2008;1539;2008-08-01;01.08.2008;1
2011;577;2011-08-31;31.08.2011;1
2006;1358;2006-03-04;04.03.2006;1
2013;864;2013-02-12;12.02.2013;1
2007;936;2007-03-02;02.03.2007;1
2012;555;2012-01-24;24.01.2012;1
2007;749;2007-03-29;29.03.2007;1
2009;974;2009-06-12;12.06.2009;1
2006;1311;2006-04-13;13.04.2006;1
2010;194;2010-05-19;19.05.2010;1
2011;14;2011-10-09;09.10.2011;1
2006;108;2006-11-11;11.11.2006;1
2013;1241;2013-04-04;04.04.2013;1
2013;1001;2013-02-04;04.02.2013;1
2006;277;2006-08-02;02.08.2006;1
2008;1657;2008-10-18;18.10.2008;1
2010;1124;2010-07-12;12.07.2010;1
2012;142;2012-07-23;23.07.2012;1
2013;933;2013-03-31;31.03.2013;1
2010;1606;2010-12-25;25.12.2010;1
2012;741;2012-10-16;16.10.2012;1
2013;1425;2013-10-12;12.10.2013;1
2010;873;2010-06-17;17.06.2010;1
2007;734;2007-12-12;12.12.2007;1
2006;441;2006-05-19;19.05.2006;1
2013;199;2013-04-18;18.04.2013;1
2010;1012;2010-12-24;24.12.2010;1
2012;752;2012-02-15;15.02.2012;1
2009;479;2009-10-07;07.10.2009;1
2009;378;2009-01-05;05.01.2009;1
2012;92;2012-07-21;21.07.2012;1
2007;343;2007-07-21;21.07.2007;1
2006;1493;2006-07-04;04.07.2006;1
2008;684;2008-05-21;21.05.2008;1
2006;940;2006-12-11;11.12.2006;1
2011;452;2011-10-28;28.10.2011;1
2008;1159;2008-07-24;24.07.2008;1
2010;1358;2010-07-24;24.07.2010;1
2007;307;2007-03-20;20.03.2007;1
2008;634;2008-08-29;29.08.2008;1
2013;1180;2013-03-24;24.03.2013;1
2012;1559;2012-06-17;17.06.2012;1
2009;1476;2009-06-24;24.06.2009;1
2013;612;2013-04-12;12.04.2013;1
2010;39;2010-09-23;23.09.2010;1
2013;2;2013-07-06;06.07.2013;1
2007;1480;2007-04-13;13.04.2007;1
2011;1153;2011-01-27;27.01.2011;1
2012;363;2012-05-08;08.05.2012;1
2010;23;2010-10-18;18.10.2010;1
2013;131;2013-01-13;13.01.2013;1
2008;103;2008-04-14;14.04.2008;1
2010;1287;2010-09-08;08.09.2010;1
2006;993;2006-02-24;24.02.2006;1
2010;1049;2010-09-14;14.09.2010;1
2010;1560;2010-07-26;26.07.2010;1
2007;1009;2007-03-18;18.03.2007;1
2011;502;2011-04-24;24.04.2011;1
2006;1524;2006-05-15;15.05.2006;1
2010;484;2010-12-09;09.12.2010;1
2008;872;2008-08-26;26.08.2008;1
2012;69;2012-11-15;15.11.2012;1
2006;288;2006-12-13;13.12.2006;1
2012;76;2012-09-09;09.09.2012;1
2006;1668;2006-10-13;13.10.2006;1
2006;830;2006-05-21;21.05.2006;1
2006;1673;2006-02-18;18.02.2006;1
2010;1401;2010-03-30;30.03.2010;1
2010;634;2010-05-12;12.05.2010;1
2007;1533;2007-12-17;17.12.2007;1
2011;1500;2011-03-30;30.03.2011;1
2007;997;2007-08-05;05.08.2007;1
2011;1174;2011-12-16;16.12.2011;1
2012;916;2012-04-01;01.04.2012;1
2011;75;2011-11-02;02.11.2011;1
2012;1163;2012-01-09;09.01.2012;1
2007;1400;2007-04-16;16.04.2007;1
2006;1470;2006-06-11;11.06.2006;1
2011;247;2011-07-22;22.07.2011;1
2006;573;2006-07-24;24.07.2006;1
2006;880;2006-09-15;15.09.2006;1
2011;801;2011-11-18;18.11.2011;1
2009;781;2009-07-24;24.07.2009;1
2012;665;2012-09-09;09.09.2012;1
2006;502;2006-12-28;28.12.2006;1
2007;193;2007-11-06;06.11.2007;1
2009;955;2009-06-15;15.06.2009;1
2013;1091;2013-03-30;30.03.2013;1
2007;1136;2007-05-29;29.05.2007;1
2009;1449;2009-07-04;04.07.2009;1
2011;455;2011-05-24;24.05.2011;1
2007;672;2007-09-13;13.09.2007;1
2013;790;2013-12-06;06.12.2013;1
2012;1332;2012-05-04;04.05.2012;1
2006;237;2006-01-19;19.01.2006;1
2011;103;2011-03-02;02.03.2011;1
2006;90;2006-10-24;24.10.2006;1
2013;1422;2013-05-25;25.05.2013;1
2006;152;2006-11-06;06.11.2006;1
2006;783;2006-07-26;26.07.2006;1
2009;1185;2009-02-08;08.02.2009;1
2006;163;2006-07-02;02.07.2006;1
2013;488;2013-06-15;15.06.2013;1
2008;809;2008-07-13;13.07.2008;1
2012;767;2012-06-23;23.06.2012;1
2013;659;2013-08-04;04.08.2013;1
2007;877;2007-10-08;08.10.2007;1
2007;1207;2007-09-05;05.09.2007;1
2008;811;2008-05-17;17.05.2008;1
2009;1642;2009-10-15;15.10.2009;1
2013;445;2013-08-01;01.08.2013;1
2009;263;2009-10-21;21.10.2009;1
2010;1304;2010-01-03;03.01.2010;1
2006;1067;2006-05-22;22.05.2006;1
2006;1659;2006-04-06;06.04.2006;1
2010;363;2010-03-08;08.03.2010;1
2013;7;2013-05-11;11.05.2013;1
2013;782;2013-10-02;02.10.2013;1
2011;1303;2011-05-09;09.05.2011;1
2012;432;2012-08-11;11.08.2012;1
2012;1395;2012-07-30;30.07.2012;1
2009;715;2009-09-06;06.09.2009;1
2012;558;2012-05-27;27.05.2012;1
2009;524;2009-08-22;22.08.2009;1
2010;464;2010-04-06;06.04.2010;1
2006;1365;2006-07-05;05.07.2006;1
2010;1387;2010-07-08;08.07.2010;1
2011;1242;2011-07-31;31.07.2011;1
2009;414;2009-03-10;10.03.2009;1
2013;423;2013-12-20;20.12.2013;1
2008;1339;2008-06-30;30.06.2008;1
2012;276;2012-05-10;10.05.2012;1
2013;519;2013-04-22;22.04.2013;1
2006;982;2006-05-12;12.05.2006;1
2008;1465;2008-09-30;30.09.2008;1
2010;1533;2010-02-17;17.02.2010;1
2007;352;2007-09-09;09.09.2007;1
2013;181;2013-02-26;26.02.2013;1
2012;977;2012-01-30;30.01.2012;1
2008;1117;2008-10-19;19.10.2008;1
2007;692;2007-07-10;10.07.2007;1
2013;1185;2013-03-16;16.03.2013;1
2009;762;2009-01-02;02.01.2009;1
2013;896;2013-09-18;18.09.2013;1
2010;1515;2010-09-22;22.09.2010;1
2009;1667;2009-05-21;21.05.2009;1
2009;1676;2009-01-21;21.01.2009;1
2006;1247;2006-06-03;03.06.2006;1
2010;1217;2010-03-24;24.03.2010;1
2006;322;2006-01-27;27.01.2006;1
2007;249;2007-11-24;24.11.2007;1
2007;470;2007-04-24;24.04.2007;1
2011;1481;2011-12-16;16.12.2011;1
2013;1191;2013-07-09;09.07.2013;1
2010;1090;2010-11-13;13.11.2010;1
2009;1644;2009-01-03;03.01.2009;1
2010;86;2010-03-29;29.03.2010;1
2011;884;2011-09-14;14.09.2011;1
2006;1034;2006-01-22;22.01.2006;1
2013;474;2013-07-22;22.07.2013;1
2011;1674;2011-04-12;12.04.2011;1
2008;350;2008-02-20;20.02.2008;1
2011;1002;2011-11-04;04.11.2011;1
2006;1642;2006-01-11;11.01.2006;1
2009;970;2009-10-04;04.10.2009;1
2010;208;2010-09-06;06.09.2010;1
2007;1147;2007-09-12;12.09.2007;1
2010;657;2010-10-17;17.10.2010;1
2008;323;2008-05-31;31.05.2008;1
2006;536;2006-11-24;24.11.2006;1
2007;979;2007-11-24;24.11.2007;1
2007;114;2007-06-09;09.06.2007;1
2008;854;2008-08-01;01.08.2008;1
2010;172;2010-12-06;06.12.2010;1
2012;978;2012-10-24;24.10.2012;1
2012;1436;2012-02-17;17.02.2012;1
2006;79;2006-06-30;30.06.2006;1
2006;1679;2006-06-05;05.06.2006;1
2010;109;2010-09-12;12.09.2010;1
2013;1235;2013-02-13;13.02.2013;1
2009;1137;2009-03-14;14.03.2009;1
2010;996;2010-08-22;22.08.2010;1
2013;634;2013-11-05;05.11.2013;1
2007;1486;2007-03-30;30.03.2007;1
2012;1262;2012-01-21;21.01.2012;1
2012;326;2012-08-05;05.08.2012;1
2009;1501;2009-03-13;13.03.2009;1
2013;1281;2013-06-18;18.06.2013;1
2009;1327;2009-07-27;27.07.2009;1
2006;1021;2006-02-15;15.02.2006;1
2013;472;2013-11-08;08.11.2013;1
2007;728;2007-05-26;26.05.2007;1
2007;95;2007-07-25;25.07.2007;1
2010;642;2010-10-17;17.10.2010;1
2007;999;2007-01-09;09.01.2007;1
2013;1278;2013-03-16;16.03.2013;1
2011;1136;2011-08-18;18.08.2011;1
2007;1609;2007-09-03;03.09.2007;1
2011;291;2011-07-22;22.07.2011;1
2010;1274;2010-08-04;04.08.2010;1
2010;1331;2010-12-09;09.12.2010;1
2012;1180;2012-07-20;20.07.2012;1
2006;1673;2006-07-13;13.07.2006;1
2011;1530;2011-06-13;13.06.2011;1
2007;1324;2007-03-02;02.03.2007;1
2006;286;2006-11-17;17.11.2006;1
2013;1417;2013-08-06;06.08.2013;1
2012;572;2012-04-13;13.04.2012;1
2011;617;2011-05-04;04.05.2011;1
2009;388;2009-11-08;08.11.2009;1
2012;529;2012-05-01;01.05.2012;1
2008;103;2008-05-08;08.05.2008;1
2013;1508;2013-02-10;10.02.2013;1
2013;357;2013-06-26;26.06.2013;1
2010;792;2010-05-26;26.05.2010;1
2009;350;2009-12-29;29.12.2009;1
2011;1033;2011-03-05;05.03.2011;1
2013;395;2013-01-10;10.01.2013;1
2011;38;2011-02-11;11.02.2011;1
2011;1256;2011-08-07;07.08.2011;1
2010;248;2010-12-10;10.12.2010;1
2009;534;2009-11-10;10.11.2009;1
2006;1678;2006-10-05;05.10.2006;1
2006;882;2006-05-22;22.05.2006;1
2011;1510;2011-07-24;24.07.2011;1
2011;819;2011-06-10;10.06.2011;1
2009;1359;2009-12-28;28.12.2009;1
2012;930;2012-04-26;26.04.2012;1
2010;756;2010-10-10;10.10.2010;1
2013;855;2013-02-01;01.02.2013;1
2008;209;2008-09-02;02.09.2008;1
2013;191;2013-06-17;17.06.2013;1
2008;1373;2008-05-09;09.05.2008;1
2008;820;2008-08-27;27.08.2008;1
2011;1656;2011-10-20;20.10.2011;1
2007;1378;2007-09-15;15.09.2007;1
2010;754;2010-11-22;22.11.2010;1
2010;1047;2010-10-05;05.10.2010;1
2010;61;2010-10-23;23.10.2010;1
2007;428;2007-11-09;09.11.2007;1
2006;172;2006-09-08;08.09.2006;1
2010;515;2010-09-30;30.09.2010;1
2012;330;2012-09-18;18.09.2012;1
2007;1212;2007-07-28;28.07.2007;1
2006;475;2006-02-21;21.02.2006;1
2010;481;2010-05-05;05.05.2010;1
2006;125;2006-07-16;16.07.2006;1
2008;746;2008-03-20;20.03.2008;1
2013;491;2013-08-12;12.08.2013;1
2011;37;2011-04-07;07.04.2011;1
2009;125;2009-03-18;18.03.2009;1
2008;1139;2008-05-21;21.05.2008;1
2010;466;2010-10-12;12.10.2010;1
2011;165;2011-04-19;19.04.2011;1
2007;1309;2007-03-17;17.03.2007;1
2010;1076;2010-06-28;28.06.2010;1
2008;269;2008-05-02;02.05.2008;1
2006;171;2006-01-13;13.01.2006;1
2009;1259;2009-12-07;07.12.2009;1
2013;5;2013-12-10;10.12.2013;1
2011;1020;2011-08-06;06.08.2011;1
2006;1443;2006-03-13;13.03.2006;1
2009;1286;2009-06-29;29.06.2009;1
2007;653;2007-03-28;28.03.2007;1
2007;1293;2007-06-15;15.06.2007;1
2009;921;2009-01-15;15.01.2009;1
2010;1146;2010-12-20;20.12.2010;1
2009;423;2009-12-13;13.12.2009;1
2009;1178;2009-01-17;17.01.2009;1
2009;1208;2009-07-13;13.07.2009;1
2009;751;2009-07-20;20.07.2009;1
2009;186;2009-06-26;26.06.2009;1
2012;1556;2012-09-17;17.09.2012;1
2011;882;2011-06-07;07.06.2011;1
2007;202;2007-07-07;07.07.2007;1
2008;1025;2008-10-15;15.10.2008;1
2008;335;2008-02-03;03.02.2008;1
2008;1186;2008-11-11;11.11.2008;1
2009;716;2009-05-12;12.05.2009;1
2011;1527;2011-11-21;21.11.2011;1
2009;769;2009-07-12;12.07.2009;1
2010;1551;2010-06-16;16.06.2010;1
2008;442;2008-02-19;19.02.2008;1
2011;937;2011-05-04;04.05.2011;1
2013;654;2013-03-01;01.03.2013;1
2010;933;2010-12-10;10.12.2010;1
2008;113;2008-11-15;15.11.2008;1
2012;196;2012-03-23;23.03.2012;1
2010;1168;2010-03-14;14.03.2010;1
2010;1579;2010-05-01;01.05.2010;1
2008;1170;2008-02-05;05.02.2008;1
2006;629;2006-07-06;06.07.2006;1
2010;837;2010-09-19;19.09.2010;1
2009;1375;2009-04-17;17.04.2009;1
2006;1404;2006-01-02;02.01.2006;1
2013;114;2013-01-28;28.01.2013;1
2007;657;2007-08-27;27.08.2007;1
2013;1065;2013-09-05;05.09.2013;1
2010;764;2010-02-01;01.02.2010;1
2008;390;2008-07-09;09.07.2008;1
2007;990;2007-07-19;19.07.2007;1
2007;14;2007-10-04;04.10.2007;1
2012;1147;2012-10-31;31.10.2012;1
2006;1164;2006-12-28;28.12.2006;1
2006;1547;2006-02-04;04.02.2006;1
2008;1648;2008-02-24;24.02.2008;1
2007;1360;2007-09-25;25.09.2007;1
2006;1083;2006-11-07;07.11.2006;1
2012;46;2012-09-22;22.09.2012;1
2006;1550;2006-09-05;05.09.2006;1
2006;982;2006-06-06;06.06.2006;1
2009;1194;2009-02-02;02.02.2009;1
2008;947;2008-03-05;05.03.2008;1
2006;181;2006-12-30;30.12.2006;1
2010;1102;2010-04-09;09.04.2010;1
2009;808;2009-09-11;11.09.2009;1
2009;587;2009-01-02;02.01.2009;1
2008;1484;2008-10-02;02.10.2008;1
2011;1129;2011-01-28;28.01.2011;1
2006;721;2006-12-03;03.12.2006;1
2006;1456;2006-06-29;29.06.2006;1
2011;671;2011-06-02;02.06.2011;1
2007;1388;2007-08-09;09.08.2007;1
2009;897;2009-09-15;15.09.2009;1
2011;836;2011-01-11;11.01.2011;1
2006;718;2006-08-07;07.08.2006;1
2009;1181;2009-04-22;22.04.2009;1
2006;904;2006-09-04;04.09.2006;1
2012;1007;2012-07-20;20.07.2012;1
2009;480;2009-10-18;18.10.2009;1
2007;1432;2007-02-23;23.02.2007;1
2008;1677;2008-03-15;15.03.2008;1
2007;491;2007-04-18;18.04.2007;1
2010;1534;2010-12-29;29.12.2010;1
2007;1678;2007-03-23;23.03.2007;1
2013;664;2013-12-11;11.12.2013;1
2007;1266;2007-05-09;09.05.2007;1
2013;251;2013-03-12;12.03.2013;1
2009;888;2009-03-01;01.03.2009;1
2006;483;2006-03-02;02.03.2006;1
2012;1023;2012-03-30;30.03.2012;1
2011;947;2011-11-30;30.11.2011;1
2006;1507;2006-12-01;01.12.2006;1
2006;1481;2006-03-16;16.03.2006;1
2011;1454;2011-11-03;03.11.2011;1
2010;697;2010-12-08;08.12.2010;1
2009;1009;2009-02-24;24.02.2009;1
2009;756;2009-09-13;13.09.2009;1
2012;85;2012-05-18;18.05.2012;1
2006;998;2006-03-08;08.03.2006;1
2008;359;2008-05-09;09.05.2008;1
2011;1536;2011-07-20;20.07.2011;1
2011;455;2011-08-22;22.08.2011;1
2010;1045;2010-08-10;10.08.2010;1
2013;1387;2013-09-20;20.09.2013;1
2009;1642;2009-05-05;05.05.2009;1
2010;36;2010-09-24;24.09.2010;1
2008;491;2008-05-17;17.05.2008;1
2010;1661;2010-08-03;03.08.2010;1
2008;83;2008-05-04;04.05.2008;1
2007;399;2007-11-23;23.11.2007;1
2007;778;2007-09-08;08.09.2007;1
2013;39;2013-08-08;08.08.2013;1
2007;1351;2007-03-27;27.03.2007;1
2013;815;2013-11-09;09.11.2013;1
2013;181;2013-11-07;07.11.2013;1
2007;353;2007-09-04;04.09.2007;1
2009;1331;2009-05-03;03.05.2009;1
2009;1606;2009-07-24;24.07.2009;1
2008;1078;2008-05-13;13.05.2008;1
2008;1213;2008-08-25;25.08.2008;1
2010;1250;2010-05-29;29.05.2010;1
2007;294;2007-08-10;10.08.2007;1
2006;563;2006-05-16;16.05.2006;1
2010;1367;2010-08-27;27.08.2010;1
2013;483;2013-10-26;26.10.2013;1
2013;21;2013-06-16;16.06.2013;1
2013;465;2013-01-27;27.01.2013;1
2006;650;2006-04-16;16.04.2006;1
2009;1386;2009-02-26;26.02.2009;1
2007;395;2007-12-12;12.12.2007;1
2012;1101;2012-09-22;22.09.2012;1
2011;1620;2011-12-05;05.12.2011;1
2007;157;2007-12-26;26.12.2007;1
;;;;
;;;;
;;;;
;;;;
;;;;
;;;;
;;;;
;;;;
;;;;
;;;;
;;;;
;;;;
;;;;
;;;;
;;;;
;;;;
;;;;
;;;;
;;;;
;;;;
;;;;
;;;;
;;;;
;;;;
;;;;
;;;;
;;;;
;;;;
;;;;
;;;;
;;;;
;;;;
;;;;
;;;;
;;;;
;;;;
;;;;
;;;;
;;;;
;;;;
;;;;
;;;;
;;;;
;;;;
;;;;
;;;;
;;;;
;;;;
;;;;
;;;;
;;;;
;;;;
;;;;
;;;;
;;;;
;;;;
;;;;
;;;;
;;;;
;;;;
;;;;
;;;;
;;;;
;;;;
;;;;
;;;;
;;;;
;;;;
;;;;
;;;;
;;;;
;;;;
;;;;
;;;;
;;;;
;;;;
;;;;
;;;;
;;;;
;;;;
;;;;
;;;;
;;;;
;;;;
;;;;
;;;;
;;;;
;;;;
;;;;
;;;;
;;;;
;;;;
;;;;
;;;;
;;;;
;;;;
;;;;
;;;;
;;;;
;;;;
;;;;
;;;;
;;;;
;;;;
;;;;
;;;;
;;;;
;;;;
;;;;
;;;;
;;;;
;;;;
;;;;
;;;;
;;;;
;;;;
;;;;
;;;;
;;;;
;;;;
;;;;
;;;;
;;;;
;;;;
;;;;
;;;;
;;;;
;;;;
;;;;
;;;;
;;;;
;;;;
;;;;
;;;;
;;;;
;;;;
;;;;
;;;;
;;;;
;;;;
;;;;
;;;;
;;;;
;;;;
;;;;
;;;;
;;;;
;;;;
;;;;
;;;;
;;;;
;;;;
;;;;
;;;;
;;;;
;;;;
;;;;
;;;;
;;;;
;;;;
;;;;
;;;;
;;;;
;;;;
;;;;
;;;;
;;;;
;;;;
;;;;
;;;;
;;;;
;;;;
;;;;
;;;;
;;;;
;;;;
;;;;
;;;;
;;;;
;;;;
;;;;
;;;;
;;;;
;;;;
;;;;
;;;;
;;;;
;;;;
;;;;
;;;;
;;;;
;;;;
;;;;
;;;;
;;;;
;;;;
;;;;
;;;;
;;;;
;;;;
;;;;
;;;;
;;;;
;;;;
;;;;
;;;;
;;;;
;;;;
;;;;
;;;;
;;;;
;;;;
;;;;
;;;;
;;;;
;;;;
;;;;
;;;;
;;;;
;;;;
;;;;
;;;;
;;;;
;;;;
;;;;
;;;;
;;;;
;;;;
;;;;
;;;;
;;;;
;;;;
;;;;
;;;;
;;;;
;;;;
;;;;
;;;;
;;;;
;;;;
;;;;
;;;;
;;;;
;;;;
;;;;
;;;;
;;;;
;;;;
;;;;
;;;;
;;;;
;;;;
;;;;
;;;;
;;;;
;;;;
;;;;
;;;;
;;;;
;;;;
;;;;
;;;;
;;;;
;;;;
;;;;
;;;;
;;;;
;;;;
;;;;
;;;;
;;;;
;;;;
;;;;
;;;;
;;;;
;;;;
;;;;
;;;;
;;;;
;;;;
;;;;
;;;;
;;;;
;;;;
;;;;
;;;;
;;;;
;;;;
;;;;
;;;;
;;;;
;;;;
;;;;
;;;;
;;;;
;;;;
;;;;
;;;;
;;;;
;;;;
;;;;
;;;;
;;;;
;;;;
;;;;
;;;;
;;;;
;;;;
;;;;
;;;;
;;;;
;;;;
;;;;
;;;;
;;;;
;;;;
;;;;
;;;;
;;;;
;;;;
;;;;
;;;;
;;;;
;;;;
;;;;
;;;;
;;;;
;;;;
;;;;
;;;;
;;;;
;;;;
;;;;
;;;;
;;;;
;;;;
;;;;
;;;;
;;;;
;;;;
;;;;
;;;;
;;;;
;;;;
;;;;
;;;;
;;;;
;;;;
;;;;
;;;;
;;;;
;;;;
;;;;
;;;;
;;;;
;;;;
;;;;
;;;;
;;;;
;;;;
;;;;
;;;;
;;;;
;;;;
;;;;
;;;;
;;;;
;;;;
;;;;
;;;;
;;;;
;;;;
;;;;
;;;;
;;;;
;;;;
;;;;
;;;;
;;;;
;;;;
;;;;
;;;;
;;;;
;;;;
;;;;
;;;;
;;;;
;;;;
;;;;
;;;;
;;;;
;;;;
;;;;
;;;;
;;;;
;;;;
;;;;
;;;;
;;;;
;;;;
;;;;
;;;;
;;;;
;;;;
;;;;
;;;;
;;;;
;;;;
;;;;
;;;;
;;;;
;;;;
;;;;
;;;;
;;;;
;;;;
;;;;
;;;;
;;;;
;;;;
;;;;
;;;;
;;;;
;;;;
;;;;
;;;;
;;;;
;;;;
;;;;
;;;;
;;;;
;;;;
;;;;
;;;;
;;;;
;;;;
;;;;
;;;;
;;;;
;;;;
;;;;
;;;;
;;;;
;;;;
;;;;
;;;;
;;;;
;;;;
;;;;
;;;;
;;;;
;;;;
;;;;
;;;;
;;;;
;;;;
;;;;
;;;;
;;;;
;;;;
;;;;
;;;;
;;;;
;;;;
;;;;
;;;;
;;;;
;;;;
;;;;
;;;;
;;;;
;;;;
;;;;
;;;;
;;;;
;;;;
;;;;
;;;;
;;;;
;;;;
;;;;
;;;;
;;;;
;;;;
;;;;
;;;;
;;;;
;;;;
;;;;
;;;;
;;;;
;;;;
;;;;
;;;;
;;;;
;;;;
;;;;
;;;;
;;;;
;;;;
;;;;
;;;;
;;;;
;;;;
;;;;
;;;;
;;;;
;;;;
;;;;
;;;;
;;;;
;;;;
;;;;
;;;;
;;;;
;;;;
;;;;
;;;;
;;;;
;;;;
;;;;
;;;;
;;;;
;;;;
;;;;
;;;;
;;;;
;;;;
;;;;
;;;;
;;;;
;;;;
;;;;
;;;;
;;;;
;;;;
;;;;
;;;;
;;;;
;;;;
;;;;
;;;;
;;;;
;;;;
;;;;
;;;;
;;;;
;;;;
;;;;
;;;;
;;;;
;;;;
;;;;
;;;;
;;;;
;;;;
;;;;
;;;;
;;;;
;;;;
;;;;
;;;;
;;;;
;;;;
;;;;
;;;;
;;;;
;;;;
;;;;
;;;;
;;;;
;;;;
;;;;
;;;;
;;;;
;;;;
;;;;
;;;;
;;;;
;;;;
;;;;
;;;;
;;;;
;;;;
;;;;
;;;;
;;;;
;;;;
;;;;
;;;;
;;;;
;;;;
;;;;
;;;;
;;;;
;;;;
;;;;
;;;;
;;;;
;;;;
;;;;
;;;;
;;;;
;;;;
;;;;
;;;;
;;;;
;;;;
;;;;
;;;;
;;;;
;;;;
;;;;
;;;;
;;;;
;;;;
;;;;
;;;;
;;;;
;;;;
;;;;
;;;;
;;;;
;;;;
;;;;
;;;;
;;;;
;;;;
;;;;
;;;;
;;;;
;;;;
;;;;
;;;;
;;;;
;;;;
;;;;
;;;;
;;;;
;;;;
;;;;
;;;;
;;;;
;;;;
;;;;
;;;;
;;;;
;;;;
;;;;
;;;;
;;;;
;;;;
;;;;
;;;;
;;;;
;;;;
;;;;
;;;;
;;;;
;;;;
;;;;
;;;;
;;;;
;;;;
;;;;
;;;;
;;;;
;;;;
;;;;
;;;;
;;;;
;;;;
;;;;
;;;;
;;;;
;;;;
;;;;
;;;;
;;;;
;;;;
;;;;
;;;;
;;;;
;;;;
;;;;
;;;;
;;;;
;;;;
;;;;
;;;;
;;;;
;;;;
;;;;
;;;;
;;;;
;;;;
;;;;
;;;;
;;;;
;;;;
;;;;
;;;;
;;;;
;;;;
;;;;
;;;;
;;;;
;;;;
;;;;
;;;;
;;;;
;;;;
;;;;
;;;;
;;;;
;;;;
;;;;
;;;;
;;;;
;;;;
;;;;
;;;;
;;;;
;;;;
;;;;
;;;;
;;;;
;;;;
;;;;
;;;;
;;;;
;;;;
;;;;
;;;;
;;;;
;;;;
;;;;
;;;;
;;;;
;;;;
;;;;
;;;;
;;;;
;;;;
;;;;
;;;;
;;;;
;;;;
;;;;
;;;;
;;;;
;;;;
;;;;
;;;;
;;;;
;;;;
;;;;
;;;;
;;;;
;;;;
;;;;
;;;;
;;;;
;;;;
;;;;
;;;;
;;;;
;;;;
;;;;
;;;;
;;;;
;;;;
;;;;
;;;;
;;;;
;;;;
;;;;
;;;;
;;;;
;;;;
;;;;
;;;;
;;;;
;;;;
;;;;
;;;;
;;;;
;;;;
;;;;
;;;;
;;;;
;;;;
;;;;
;;;;
;;;;
;;;;
;;;;
;;;;
;;;;
;;;;
;;;;
;;;;
;;;;
;;;;
;;;;
;;;;
;;;;
;;;;
;;;;
;;;;
;;;;
;;;;
;;;;
;;;;
;;;;
;;;;
;;;;
;;;;
;;;;
;;;;
;;;;
;;;;
;;;;
;;;;
;;;;
;;;;
;;;;
;;;;
;;;;
;;;;
;;;;
;;;;
;;;;
;;;;
;;;;
;;;;
;;;;
;;;;
;;;;
;;;;
;;;;
;;;;
;;;;
;;;;
;;;;
;;;;
;;;;
;;;;
;;;;
;;;;
;;;;
;;;;
;;;;
;;;;
;;;;
;;;;
;;;;
;;;;
;;;;
;;;;
;;;;
;;;;
;;;;
;;;;
;;;;
;;;;
;;;;
;;;;
;;;;
;;;;
;;;;
;;;;
;;;;
;;;;
;;;;
;;;;
;;;;
;;;;
;;;;
;;;;
;;;;
;;;;
;;;;
;;;;
;;;;
;;;;
;;;;
;;;;
;;;;
;;;;
;;;;
;;;;
;;;;
;;;;
;;;;
;;;;
;;;;
;;;;
;;;;
;;;;
;;;;
;;;;
;;;;
;;;;
;;;;
;;;;
;;;;
;;;;
;;;;
;;;;
;;;;
;;;;
;;;;
;;;;
;;;;
;;;;
;;;;
;;;;
;;;;
;;;;
;;;;
;;;;
;;;;
;;;;
;;;;
;;;;
;;;;
;;;;
;;;;
;;;;
;;;;
;;;;
;;;;
;;;;
;;;;
;;;;
;;;;
;;;;
;;;;
;;;;
;;;;
;;;;
;;;;
;;;;
;;;;
;;;;
;;;;
;;;;
;;;;
;;;;
;;;;
;;;;
;;;;
;;;;
;;;;
;;;;
;;;;
;;;;
;;;;
;;;;
;;;;
;;;;
;;;;
;;;;
;;;;
;;;;
;;;;
;;;;
;;;;
;;;;
;;;;
;;;;
;;;;
;;;;
;;;;
;;;;
;;;;
;;;;
;;;;
;;;;
;;;;
;;;;
;;;;
;;;;
;;;;
;;;;
;;;;
;;;;
;;;;
;;;;
;;;;
;;;;
;;;;
;;;;
;;;;
;;;;
;;;;
;;;;
;;;;
;;;;
;;;;
;;;;
;;;;
;;;;
;;;;
;;;;
;;;;
;;;;
;;;;
;;;;
;;;;
;;;;
;;;;
;;;;
;;;;
;;;;
;;;;
;;;;
;;;;
;;;;
;;;;
;;;;
;;;;
;;;;
;;;;
;;;;
;;;;
;;;;
;;;;
;;;;
;;;;
;;;;
;;;;
;;;;
;;;;
;;;;
;;;;
;;;;
;;;;
;;;;
;;;;
;;;;
;;;;
;;;;
;;;;
;;;;
;;;;
;;;;
;;;;
;;;;
;;;;
;;;;
;;;;
;;;;
;;;;
;;;;
;;;;
;;;;
;;;;
;;;;
;;;;
;;;;
;;;;
;;;;
;;;;
;;;;
;;;;
;;;;
;;;;
;;;;
;;;;
;;;;
;;;;
;;;;
;;;;
;;;;
;;;;
;;;;
;;;;
;;;;
;;;;
;;;;
;;;;
;;;;
;;;;
;;;;
;;;;
;;;;
;;;;
;;;;
;;;;
;;;;
;;;;
;;;;
;;;;
;;;;
;;;;
;;;;
;;;;
;;;;
;;;;
;;;;
;;;;
;;;;
;;;;
;;;;
;;;;
;;;;
;;;;
;;;;
;;;;
;;;;
;;;;
;;;;
;;;;
;;;;
;;;;
;;;;
;;;;
;;;;
;;;;
;;;;
;;;;
;;;;
;;;;
;;;;
;;;;
;;;;
;;;;
;;;;
;;;;
;;;;
;;;;
;;;;
;;;;
;;;;
;;;;
;;;;
;;;;
;;;;
;;;;
;;;;
;;;;
;;;;
;;;;
;;;;
;;;;
;;;;
;;;;
;;;;
;;;;
;;;;
;;;;
;;;;
;;;;
;;;;
;;;;
;;;;
;;;;
;;;;
;;;;
;;;;
;;;;
;;;;
;;;;
;;;;
;;;;
;;;;
;;;;
;;;;
;;;;
;;;;
;;;;
;;;;
;;;;
;;;;
;;;;
;;;;
;;;;
;;;;
;;;;
;;;;
;;;;
;;;;
;;;;
;;;;
;;;;
;;;;
;;;;
;;;;
;;;;
;;;;
;;;;
;;;;
;;;;
;;;;
;;;;
;;;;
;;;;
;;;;
;;;;
;;;;
;;;;
;;;;
;;;;
;;;;
;;;;
;;;;
;;;;
;;;;
;;;;
;;;;
;;;;
;;;;
;;;;
;;;;
;;;;
;;;;
;;;;
;;;;
;;;;
;;;;
;;;;
;;;;
;;;;
;;;;
;;;;
;;;;
;;;;
;;;;
;;;;
;;;;
;;;;
;;;;
;;;;
;;;;
;;;;
;;;;
;;;;
;;;;
;;;;
;;;;
;;;;
;;;;
;;;;
;;;;
;;;;
;;;;
;;;;
;;;;
;;;;
;;;;
;;;;
;;;;
;;;;
;;;;
;;;;
;;;;
;;;;
;;;;
;;;;
;;;;
;;;;
;;;;
;;;;
;;;;
;;;;
;;;;
;;;;
;;;;
;;;;
;;;;
;;;;
;;;;
;;;;
;;;;
;;;;
;;;;
;;;;
;;;;
;;;;
;;;;
;;;;
;;;;
;;;;
;;;;
;;;;
;;;;
;;;;
;;;;
;;;;
;;;;
;;;;
;;;;
;;;;
;;;;
;;;;
;;;;
;;;;
;;;;
;;;;
;;;;
;;;;
;;;;
;;;;
;;;;
;;;;
;;;;
;;;;
;;;;
;;;;
;;;;
;;;;
;;;;
;;;;
;;;;
;;;;
;;;;
;;;;
;;;;
;;;;
;;;;
;;;;
;;;;
;;;;
;;;;
;;;;
;;;;
;;;;
;;;;
;;;;
;;;;
;;;;
;;;;
;;;;
;;;;
;;;;
;;;;
;;;;
;;;;
;;;;
;;;;
;;;;
;;;;
;;;;
;;;;
;;;;
;;;;
;;;;
;;;;
;;;;
;;;;
;;;;
;;;;
;;;;
;;;;
;;;;
;;;;
;;;;
;;;;
;;;;
;;;;
;;;;
;;;;
;;;;
;;;;
;;;;
;;;;
;;;;
;;;;
;;;;
;;;;
;;;;
;;;;
;;;;
;;;;
;;;;
;;;;
;;;;
;;;;
;;;;
;;;;
;;;;
;;;;
;;;;
;;;;
;;;;
;;;;
