ID,Lon,Lat,Value,Region
1,-2.,42.5,78,3
2,-2.,42.75,103,3
3,-2.,43.,136,3
4,-2.,43.25,181,3
5,-2.,43.5,239,3
6,-2.,43.75,316,3
7,-2.,44.,417,3
8,-2.,44.25,550,3
9,-2.,44.5,723,3
10,-2.,44.75,948,3
11,-2.,45.,1240,3
12,-2.,45.25,1613,3
13,-2.,45.5,2084,3
14,-2.,45.75,2669,3
15,-2.,46.,3380,3
16,-2.,46.25,4220,3
17,-2.,46.5,5124,3
18,-2.,46.75,5617,3
19,-2.,47.,4969,3
20,-2.,47.25,3948,3
21,-2.,47.5,3047,9
22,-2.,47.75,2327,9
23,-2.,48.,1769,9
24,-2.,48.25,1340,9
25,-2.,48.5,1014,9
26,-2.,48.75,766,9
27,-2.,49.,578,9
28,-2.,49.25,436,9
29,-2.,49.5,328,9
30,-2.,49.75,248,9
31,-2.,50.,186,9
32,-2.,50.25,140,9
33,-2.,50.5,106,9
34,-2.,50.75,80,9
35,-2.,51.,60,4
36,-2.,51.25,45,4
37,-2.,51.5,34,4
38,-2.,51.75,26,4
39,-2.,52.,19,4
40,-2.,52.25,15,4
41,-2.,52.5,11,4
42,-1.75,42.5,80,1
43,-1.75,42.75,106,1
44,-1.75,43.,141,1
45,-1.75,43.25,187,1
46,-1.75,43.5,248,1
47,-1.75,43.75,328,1
48,-1.75,44.,435,1
49,-1.75,44.25,576,3
50,-1.75,44.5,761,3
51,-1.75,44.75,1004,3
52,-1.75,45.,1321,3
53,-1.75,45.25,1731,3
54,-1.75,45.5,2256,3
55,-1.75,45.75,2916,3
56,-1.75,46.,3724,3
57,-1.75,46.25,4698,3
58,-1.75,46.5,5892,3
59,-1.75,46.75,7430,3
60,-1.75,47.,5649,3
61,-1.75,47.25,4280,9
62,-1.75,47.5,3236,9
63,-1.75,47.75,2443,9
64,-1.75,48.,1842,9
65,-1.75,48.25,1388,9
66,-1.75,48.5,1046,9
67,-1.75,48.75,787,9
68,-1.75,49.,593,9
69,-1.75,49.25,446,9
70,-1.75,49.5,336,9
71,-1.75,49.75,253,9
72,-1.75,50.,190,9
73,-1.75,50.25,143,9
74,-1.75,50.5,108,4
75,-1.75,50.75,81,4
76,-1.75,51.,61,4
77,-1.75,51.25,46,4
78,-1.75,51.5,35,4
79,-1.75,51.75,26,4
80,-1.75,52.,20,4
81,-1.75,52.25,15,4
82,-1.75,52.5,11,4
83,-1.5,42.5,81,1
84,-1.5,42.75,107,1
85,-1.5,43.,143,1
86,-1.5,43.25,189,1
87,-1.5,43.5,252,1
88,-1.5,43.75,334,1
89,-1.5,44.,443,1
90,-1.5,44.25,587,3
91,-1.5,44.5,778,3
92,-1.5,44.75,1030,3
93,-1.5,45.,1360,3
94,-1.5,45.25,1790,3
95,-1.5,45.5,2345,3
96,-1.5,45.75,3041,3
97,-1.5,46.,3872,3
98,-1.5,46.25,4770,3
99,-1.5,46.5,5616,3
100,-1.5,46.75,5990,3
101,-1.5,47.,5231,3
102,-1.5,47.25,4126,9
103,-1.5,47.5,3167,9
104,-1.5,47.75,2409,9
105,-1.5,48.,1824,9
106,-1.5,48.25,1378,9
107,-1.5,48.5,1040,9
108,-1.5,48.75,784,9
109,-1.5,49.,590,9
110,-1.5,49.25,445,9
111,-1.5,49.5,335,9
112,-1.5,49.75,252,9
113,-1.5,50.,190,9
114,-1.5,50.25,143,4
115,-1.5,50.5,107,4
116,-1.5,50.75,81,4
117,-1.5,51.,61,4
118,-1.5,51.25,46,4
119,-1.5,51.5,35,4
120,-1.5,51.75,26,4
121,-1.5,52.,20,4
122,-1.5,52.25,15,4
123,-1.5,52.5,11,4
124,-1.25,42.5,80,1
125,-1.25,42.75,107,1
126,-1.25,43.,142,1
127,-1.25,43.25,188,1
128,-1.25,43.5,250,1
129,-1.25,43.75,332,1
130,-1.25,44.,440,1
131,-1.25,44.25,583,1
132,-1.25,44.5,773,3
133,-1.25,44.75,1022,3
134,-1.25,45.,1350,3
135,-1.25,45.25,1778,3
136,-1.25,45.5,2332,3
137,-1.25,45.75,3032,3
138,-1.25,46.,3867,3
139,-1.25,46.25,4647,3
140,-1.25,46.5,5006,3
141,-1.25,46.75,4939,3
142,-1.25,47.,4417,3
143,-1.25,47.25,3650,9
144,-1.25,47.5,2892,9
145,-1.25,47.75,2243,9
146,-1.25,48.,1721,9
147,-1.25,48.25,1312,9
148,-1.25,48.5,997,9
149,-1.25,48.75,755,9
150,-1.25,49.,572,9
151,-1.25,49.25,432,9
152,-1.25,49.5,326,9
153,-1.25,49.75,246,9
154,-1.25,50.,186,9
155,-1.25,50.25,140,4
156,-1.25,50.5,106,4
157,-1.25,50.75,80,4
158,-1.25,51.,60,4
159,-1.25,51.25,45,4
160,-1.25,51.5,34,4
161,-1.25,51.75,26,4
162,-1.25,52.,19,4
163,-1.25,52.25,15,4
164,-1.25,52.5,11,4
165,-1.,42.5,79,1
166,-1.,42.75,104,1
167,-1.,43.,138,1
168,-1.,43.25,184,1
169,-1.,43.5,243,1
170,-1.,43.75,322,1
171,-1.,44.,426,1
172,-1.,44.25,564,1
173,-1.,44.5,744,3
174,-1.,44.75,981,3
175,-1.,45.,1290,3
176,-1.,45.25,1691,3
177,-1.,45.5,2206,3
178,-1.,45.75,2857,3
179,-1.,46.,3662,3
180,-1.,46.25,4616,3
181,-1.,46.5,4382,3
182,-1.,46.75,4092,3
183,-1.,47.,3649,3
184,-1.,47.25,3090,9
185,-1.,47.5,2516,9
186,-1.,47.75,1996,9
187,-1.,48.,1559,9
188,-1.,48.25,1205,9
189,-1.,48.5,925,9
190,-1.,48.75,707,9
191,-1.,49.,538,9
192,-1.,49.25,409,9
193,-1.,49.5,310,9
194,-1.,49.75,235,9
195,-1.,50.,178,9
196,-1.,50.25,135,4
197,-1.,50.5,102,4
198,-1.,50.75,77,4
199,-1.,51.,58,4
200,-1.,51.25,44,4
201,-1.,51.5,33,4
202,-1.,51.75,25,4
203,-1.,52.,19,4
204,-1.,52.25,14,4
205,-1.,52.5,11,4
206,-0.75,42.5,76,1
207,-0.75,42.75,100,1
208,-0.75,43.,133,1
209,-0.75,43.25,175,1
210,-0.75,43.5,232,1
211,-0.75,43.75,306,1
212,-0.75,44.,403,1
213,-0.75,44.25,530,1
214,-0.75,44.5,695,3
215,-0.75,44.75,910,3
216,-0.75,45.,1186,3
217,-0.75,45.25,1537,3
218,-0.75,45.5,1976,3
219,-0.75,45.75,2506,3
220,-0.75,46.,3094,3
221,-0.75,46.25,3545,3
222,-0.75,46.5,3552,3
223,-0.75,46.75,3312,3
224,-0.75,47.,2962,3
225,-0.75,47.25,2548,9
226,-0.75,47.5,2119,9
227,-0.75,47.75,1717,9
228,-0.75,48.,1366,9
229,-0.75,48.25,1072,9
230,-0.75,48.5,833,9
231,-0.75,48.75,643,9
232,-0.75,49.,495,9
233,-0.75,49.25,379,9
234,-0.75,49.5,289,9
235,-0.75,49.75,220,9
236,-0.75,50.,168,9
237,-0.75,50.25,127,4
238,-0.75,50.5,97,4
239,-0.75,50.75,73,4
240,-0.75,51.,56,4
241,-0.75,51.25,42,4
242,-0.75,51.5,32,4
243,-0.75,51.75,24,4
244,-0.75,52.,19,4
245,-0.75,52.25,14,4
246,-0.75,52.5,11,4
247,-0.5,42.5,72,1
248,-0.5,42.75,95,1
249,-0.5,43.,125,1
250,-0.5,43.25,165,1
251,-0.5,43.5,216,1
252,-0.5,43.75,284,1
253,-0.5,44.,372,1
254,-0.5,44.25,485,1
255,-0.5,44.5,631,1
256,-0.5,44.75,818,3
257,-0.5,45.,1052,3
258,-0.5,45.25,1341,3
259,-0.5,45.5,1685,3
260,-0.5,45.75,2072,3
261,-0.5,46.,2449,3
262,-0.5,46.25,2704,3
263,-0.5,46.5,2744,3
264,-0.5,46.75,2604,3
265,-0.5,47.,2359,3
266,-0.5,47.25,2060,9
267,-0.5,47.5,1744,9
268,-0.5,47.75,1440,9
269,-0.5,48.,1165,9
270,-0.5,48.25,929,9
271,-0.5,48.5,732,9
272,-0.5,48.75,572,9
273,-0.5,49.,444,9
274,-0.5,49.25,343,9
275,-0.5,49.5,264,9
276,-0.5,49.75,203,9
277,-0.5,50.,155,9
278,-0.5,50.25,119,4
279,-0.5,50.5,91,4
280,-0.5,50.75,69,4
281,-0.5,51.,53,4
282,-0.5,51.25,40,4
283,-0.5,51.5,31,4
284,-0.5,51.75,23,4
285,-0.5,52.,18,4
286,-0.5,52.25,14,4
287,-0.5,52.5,10,4
288,-0.25,42.5,67,1
289,-0.25,42.75,88,1
290,-0.25,43.,116,1
291,-0.25,43.25,152,1
292,-0.25,43.5,198,1
293,-0.25,43.75,258,1
294,-0.25,44.,335,1
295,-0.25,44.25,434,1
296,-0.25,44.5,558,1
297,-0.25,44.75,714,3
298,-0.25,45.,904,3
299,-0.25,45.25,1130,3
300,-0.25,45.5,1387,3
301,-0.25,45.75,1656,3
302,-0.25,46.,1897,3
303,-0.25,46.25,2055,3
304,-0.25,46.5,2091,3
305,-0.25,46.75,2010,3
306,-0.25,47.,1848,3
307,-0.25,47.25,1638,9
308,-0.25,47.5,1410,9
309,-0.25,47.75,1183,9
310,-0.25,48.,973,9
311,-0.25,48.25,788,9
312,-0.25,48.5,630,9
313,-0.25,48.75,498,9
314,-0.25,49.,391,9
315,-0.25,49.25,305,9
316,-0.25,49.5,237,9
317,-0.25,49.75,183,9
318,-0.25,50.,141,9
319,-0.25,50.25,109,4
320,-0.25,50.5,84,4
321,-0.25,50.75,64,4
322,-0.25,51.,49,4
323,-0.25,51.25,38,4
324,-0.25,51.5,29,4
325,-0.25,51.75,22,4
326,-0.25,52.,17,4
327,-0.25,52.25,13,4
328,-0.25,52.5,10,4
329,0.,42.5,62,1
330,0.,42.75,81,1
331,0.,43.,105,1
332,0.,43.25,137,1
333,0.,43.5,178,1
334,0.,43.75,230,1
335,0.,44.,296,1
336,0.,44.25,379,1
337,0.,44.5,482,1
338,0.,44.75,608,3
339,0.,45.,757,3
340,0.,45.25,928,3
341,0.,45.5,1114,3
342,0.,45.75,1299,3
343,0.,46.,1457,3
344,0.,46.25,1559,3
345,0.,46.5,1586,3
346,0.,46.75,1538,3
347,0.,47.,1431,3
348,0.,47.25,1287,9
349,0.,47.5,1124,9
350,0.,47.75,958,9
351,0.,48.,800,9
352,0.,48.25,657,9
353,0.,48.5,532,9
354,0.,48.75,426,9
355,0.,49.,338,9
356,0.,49.25,267,9
357,0.,49.5,209,9
358,0.,49.75,163,9
359,0.,50.,127,9
360,0.,50.25,98,4
361,0.,50.5,76,4
362,0.,50.75,59,4
363,0.,51.,46,4
364,0.,51.25,35,4
365,0.,51.5,27,4
366,0.,51.75,21,4
367,0.,52.,16,4
368,0.,52.25,13,4
369,0.,52.5,10,4
370,0.25,42.5,56,1
371,0.25,42.75,73,1
372,0.25,43.,95,1
373,0.25,43.25,122,1
374,0.25,43.5,157,1
375,0.25,43.75,202,1
376,0.25,44.,257,1
377,0.25,44.25,326,1
378,0.25,44.5,409,1
379,0.25,44.75,508,3
380,0.25,45.,622,3
381,0.25,45.25,749,3
382,0.25,45.5,881,3
383,0.25,45.75,1008,3
384,0.25,46.,1113,3
385,0.25,46.25,1181,3
386,0.25,46.5,1201,3
387,0.25,46.75,1171,3
388,0.25,47.,1101,3
389,0.25,47.25,1002,9
390,0.25,47.5,887,9
391,0.25,47.75,766,9
392,0.25,48.,649,9
393,0.25,48.25,540,9
394,0.25,48.5,443,9
395,0.25,48.75,359,9
396,0.25,49.,289,9
397,0.25,49.25,230,9
398,0.25,49.5,182,9
399,0.25,49.75,144,9
400,0.25,50.,113,9
401,0.25,50.25,88,4
402,0.25,50.5,69,4
403,0.25,50.75,54,4
404,0.25,51.,42,4
405,0.25,51.25,33,4
406,0.25,51.5,25,4
407,0.25,51.75,20,4
408,0.25,52.,15,4
409,0.25,52.25,12,4
410,0.25,52.5,9,4
411,0.5,42.5,51,1
412,0.5,42.75,65,1
413,0.5,43.,84,1
414,0.5,43.25,108,1
415,0.5,43.5,137,1
416,0.5,43.75,174,1
417,0.5,44.,220,1
418,0.5,44.25,275,1
419,0.5,44.5,341,1
420,0.5,44.75,417,1
421,0.5,45.,503,3
422,0.5,45.25,596,3
423,0.5,45.5,690,3
424,0.5,45.75,778,3
425,0.5,46.,849,3
426,0.5,46.25,895,3
427,0.5,46.5,909,3
428,0.5,46.75,890,3
429,0.5,47.,843,3
430,0.5,47.25,775,9
431,0.5,47.5,694,9
432,0.5,47.75,607,9
433,0.5,48.,521,9
434,0.5,48.25,439,9
435,0.5,48.5,365,9
436,0.5,48.75,300,9
437,0.5,49.,244,9
438,0.5,49.25,197,9
439,0.5,49.5,157,9
440,0.5,49.75,125,9
441,0.5,50.,99,9
442,0.5,50.25,79,4
443,0.5,50.5,62,4
444,0.5,50.75,49,4
445,0.5,51.,38,4
446,0.5,51.25,30,4
447,0.5,51.5,24,4
448,0.5,51.75,19,4
449,0.5,52.,15,4
450,0.5,52.25,12,4
451,0.5,52.5,9,4
452,0.75,42.5,45,1
453,0.75,42.75,58,1
454,0.75,43.,74,1
455,0.75,43.25,93,1
456,0.75,43.5,118,1
457,0.75,43.75,149,1
458,0.75,44.,185,1
459,0.75,44.25,229,1
460,0.75,44.5,280,1
461,0.75,44.75,339,1
462,0.75,45.,403,3
463,0.75,45.25,471,3
464,0.75,45.5,538,3
465,0.75,45.75,598,3
466,0.75,46.,647,3
467,0.75,46.25,678,3
468,0.75,46.5,688,3
469,0.75,46.75,676,3
470,0.75,47.,645,3
471,0.75,47.25,598,9
472,0.75,47.5,541,9
473,0.75,47.75,479,9
474,0.75,48.,416,9
475,0.75,48.25,355,9
476,0.75,48.5,299,9
477,0.75,48.75,248,9
478,0.75,49.,204,9
479,0.75,49.25,167,9
480,0.75,49.5,135,9
481,0.75,49.75,109,9
482,0.75,50.,87,9
483,0.75,50.25,70,4
484,0.75,50.5,56,4
485,0.75,50.75,44,4
486,0.75,51.,35,4
487,0.75,51.25,28,4
488,0.75,51.5,22,4
489,0.75,51.75,18,4
490,0.75,52.,14,4
491,0.75,52.25,11,4
492,0.75,52.5,9,4
493,1.,42.5,40,1
494,1.,42.75,50,1
495,1.,43.,64,1
496,1.,43.25,80,1
497,1.,43.5,101,1
498,1.,43.75,125,1
499,1.,44.,155,1
500,1.,44.25,189,1
501,1.,44.5,229,1
502,1.,44.75,273,1
503,1.,45.,321,3
504,1.,45.25,370,3
505,1.,45.5,417,3
506,1.,45.75,460,3
507,1.,46.,494,3
508,1.,46.25,515,3
509,1.,46.5,522,3
510,1.,46.75,515,3
511,1.,47.,493,3
512,1.,47.25,461,9
513,1.,47.5,421,9
514,1.,47.75,376,9
515,1.,48.,330,9
516,1.,48.25,285,9
517,1.,48.5,243,9
518,1.,48.75,205,9
519,1.,49.,170,9
520,1.,49.25,141,9
521,1.,49.5,116,9
522,1.,49.75,94,9
523,1.,50.,77,9
524,1.,50.25,62,4
525,1.,50.5,50,4
526,1.,50.75,41,4
527,1.,51.,33,4
528,1.,51.25,27,4
529,1.,51.5,21,4
530,1.,51.75,17,4
531,1.,52.,14,4
532,1.,52.25,11,4
533,1.,52.5,9,4
534,1.25,42.5,35,1
535,1.25,42.75,44,1
536,1.25,43.,55,1
537,1.25,43.25,69,1
538,1.25,43.5,86,1
539,1.25,43.75,105,1
540,1.25,44.,129,1
541,1.25,44.25,155,1
542,1.25,44.5,186,1
543,1.25,44.75,219,1
544,1.25,45.,254,3
545,1.25,45.25,290,3
546,1.25,45.5,324,3
547,1.25,45.75,354,3
548,1.25,46.,378,3
549,1.25,46.25,393,3
550,1.25,46.5,398,3
551,1.25,46.75,393,3
552,1.25,47.,379,3
553,1.25,47.25,356,6
554,1.25,47.5,328,6
555,1.25,47.75,296,6
556,1.25,48.,263,6
557,1.25,48.25,230,6
558,1.25,48.5,198,6
559,1.25,48.75,169,6
560,1.25,49.,143,6
561,1.25,49.25,119,6
562,1.25,49.5,99,6
563,1.25,49.75,82,6
564,1.25,50.,68,6
565,1.25,50.25,56,6
566,1.25,50.5,46,6
567,1.25,50.75,38,4
568,1.25,51.,31,4
569,1.25,51.25,26,4
570,1.25,51.5,21,4
571,1.25,51.75,17,4
572,1.25,52.,14,4
573,1.25,52.25,12,4
574,1.25,52.5,9,4
575,1.5,42.5,31,1
576,1.5,42.75,38,1
577,1.5,43.,48,1
578,1.5,43.25,59,1
579,1.5,43.5,72,1
580,1.5,43.75,88,1
581,1.5,44.,107,1
582,1.5,44.25,128,1
583,1.5,44.5,151,1
584,1.5,44.75,176,1
585,1.5,45.,202,1
586,1.5,45.25,228,3
587,1.5,45.5,253,3
588,1.5,45.75,274,3
589,1.5,46.,291,3
590,1.5,46.25,302,3
591,1.5,46.5,306,3
592,1.5,46.75,303,6
593,1.5,47.,293,6
594,1.5,47.25,277,6
595,1.5,47.5,258,6
596,1.5,47.75,235,6
597,1.5,48.,211,6
598,1.5,48.25,186,6
599,1.5,48.5,163,6
600,1.5,48.75,141,6
601,1.5,49.,120,6
602,1.5,49.25,102,6
603,1.5,49.5,87,6
604,1.5,49.75,73,6
605,1.5,50.,61,6
606,1.5,50.25,52,6
607,1.5,50.5,43,6
608,1.5,50.75,36,4
609,1.5,51.,30,4
610,1.5,51.25,25,4
611,1.5,51.5,21,4
612,1.5,51.75,18,4
613,1.5,52.,15,4
614,1.5,52.25,12,4
615,1.5,52.5,10,4
616,1.75,42.5,27,1
617,1.75,42.75,33,1
618,1.75,43.,41,1
619,1.75,43.25,51,1
620,1.75,43.5,62,1
621,1.75,43.75,74,1
622,1.75,44.,89,1
623,1.75,44.25,105,1
624,1.75,44.5,123,1
625,1.75,44.75,142,1
626,1.75,45.,162,1
627,1.75,45.25,181,3
628,1.75,45.5,199,3
629,1.75,45.75,215,3
630,1.75,46.,227,3
631,1.75,46.25,235,3
632,1.75,46.5,238,6
633,1.75,46.75,236,6
634,1.75,47.,230,6
635,1.75,47.25,219,6
636,1.75,47.5,205,6
637,1.75,47.75,189,6
638,1.75,48.,171,6
639,1.75,48.25,153,6
640,1.75,48.5,136,6
641,1.75,48.75,119,6
642,1.75,49.,104,6
643,1.75,49.25,90,6
644,1.75,49.5,77,6
645,1.75,49.75,67,6
646,1.75,50.,57,6
647,1.75,50.25,49,6
648,1.75,50.5,42,6
649,1.75,50.75,36,4
650,1.75,51.,30,4
651,1.75,51.25,26,4
652,1.75,51.5,22,4
653,1.75,51.75,19,4
654,1.75,52.,16,4
655,1.75,52.25,13,4
656,1.75,52.5,11,4
657,2.,42.5,24,1
658,2.,42.75,30,1
659,2.,43.,36,1
660,2.,43.25,44,1
661,2.,43.5,53,1
662,2.,43.75,63,1
663,2.,44.,75,1
664,2.,44.25,88,1
665,2.,44.5,102,1
666,2.,44.75,117,1
667,2.,45.,132,10
668,2.,45.25,146,10
669,2.,45.5,160,10
670,2.,45.75,171,10
671,2.,46.,181,10
672,2.,46.25,187,10
673,2.,46.5,189,10
674,2.,46.75,188,10
675,2.,47.,184,10
676,2.,47.25,177,10
677,2.,47.5,167,6
678,2.,47.75,155,6
679,2.,48.,143,6
680,2.,48.25,129,6
681,2.,48.5,116,6
682,2.,48.75,104,6
683,2.,49.,92,6
684,2.,49.25,81,6
685,2.,49.5,72,6
686,2.,49.75,63,6
687,2.,50.,55,6
688,2.,50.25,48,6
689,2.,50.5,42,6
690,2.,50.75,37,6
691,2.,51.,32,4
692,2.,51.25,28,4
693,2.,51.5,24,4
694,2.,51.75,21,4
695,2.,52.,17,4
696,2.,52.25,15,4
697,2.,52.5,12,4
698,2.25,42.5,22,1
699,2.25,42.75,27,1
700,2.25,43.,32,1
701,2.25,43.25,39,1
702,2.25,43.5,46,1
703,2.25,43.75,55,1
704,2.25,44.,65,1
705,2.25,44.25,75,10
706,2.25,44.5,87,10
707,2.25,44.75,98,10
708,2.25,45.,110,10
709,2.25,45.25,122,10
710,2.25,45.5,132,10
711,2.25,45.75,141,10
712,2.25,46.,148,10
713,2.25,46.25,153,10
714,2.25,46.5,156,10
715,2.25,46.75,156,10
716,2.25,47.,153,10
717,2.25,47.25,148,10
718,2.25,47.5,141,6
719,2.25,47.75,133,6
720,2.25,48.,123,6
721,2.25,48.25,114,6
722,2.25,48.5,104,6
723,2.25,48.75,95,6
724,2.25,49.,86,6
725,2.25,49.25,77,6
726,2.25,49.5,70,6
727,2.25,49.75,63,6
728,2.25,50.,56,6
729,2.25,50.25,50,6
730,2.25,50.5,45,6
731,2.25,50.75,40,6
732,2.25,51.,35,6
733,2.25,51.25,31,4
734,2.25,51.5,27,4
735,2.25,51.75,23,4
736,2.25,52.,20,4
737,2.25,52.25,17,4
738,2.25,52.5,14,4
739,2.5,42.5,20,1
740,2.5,42.75,24,1
741,2.5,43.,30,1
742,2.5,43.25,35,1
743,2.5,43.5,42,1
744,2.5,43.75,50,1
745,2.5,44.,58,10
746,2.5,44.25,67,10
747,2.5,44.5,76,10
748,2.5,44.75,86,10
749,2.5,45.,96,10
750,2.5,45.25,105,10
751,2.5,45.5,114,10
752,2.5,45.75,122,10
753,2.5,46.,128,10
754,2.5,46.25,132,10
755,2.5,46.5,135,10
756,2.5,46.75,135,10
757,2.5,47.,134,10
758,2.5,47.25,130,10
759,2.5,47.5,125,6
760,2.5,47.75,119,6
761,2.5,48.,113,6
762,2.5,48.25,106,6
763,2.5,48.5,98,6
764,2.5,48.75,91,6
765,2.5,49.,84,6
766,2.5,49.25,78,6
767,2.5,49.5,72,6
768,2.5,49.75,66,6
769,2.5,50.,60,6
770,2.5,50.25,55,6
771,2.5,50.5,50,6
772,2.5,50.75,45,6
773,2.5,51.,40,6
774,2.5,51.25,36,2
775,2.5,51.5,32,2
776,2.5,51.75,27,2
777,2.5,52.,24,2
778,2.5,52.25,20,2
779,2.5,52.5,17,2
780,2.75,42.5,19,1
781,2.75,42.75,23,1
782,2.75,43.,28,1
783,2.75,43.25,34,1
784,2.75,43.5,40,1
785,2.75,43.75,47,10
786,2.75,44.,54,10
787,2.75,44.25,62,10
788,2.75,44.5,71,10
789,2.75,44.75,80,10
790,2.75,45.,88,10
791,2.75,45.25,97,10
792,2.75,45.5,105,10
793,2.75,45.75,112,10
794,2.75,46.,117,10
795,2.75,46.25,122,10
796,2.75,46.5,124,10
797,2.75,46.75,125,10
798,2.75,47.,125,10
799,2.75,47.25,122,10
800,2.75,47.5,119,6
801,2.75,47.75,115,6
802,2.75,48.,110,6
803,2.75,48.25,104,6
804,2.75,48.5,99,6
805,2.75,48.75,93,6
806,2.75,49.,88,6
807,2.75,49.25,83,6
808,2.75,49.5,78,6
809,2.75,49.75,73,6
810,2.75,50.,68,6
811,2.75,50.25,63,6
812,2.75,50.5,58,2
813,2.75,50.75,53,2
814,2.75,51.,48,2
815,2.75,51.25,43,2
816,2.75,51.5,38,2
817,2.75,51.75,33,2
818,2.75,52.,28,2
819,2.75,52.25,24,2
820,2.75,52.5,20,2
821,3.,42.5,19,1
822,3.,42.75,23,1
823,3.,43.,28,1
824,3.,43.25,33,1
825,3.,43.5,39,10
826,3.,43.75,46,10
827,3.,44.,53,10
828,3.,44.25,61,10
829,3.,44.5,70,10
830,3.,44.75,78,10
831,3.,45.,87,10
832,3.,45.25,95,10
833,3.,45.5,103,10
834,3.,45.75,110,10
835,3.,46.,116,10
836,3.,46.25,121,10
837,3.,46.5,124,10
838,3.,46.75,125,10
839,3.,47.,125,10
840,3.,47.25,124,10
841,3.,47.5,122,6
842,3.,47.75,118,6
843,3.,48.,114,6
844,3.,48.25,110,6
845,3.,48.5,106,6
846,3.,48.75,101,6
847,3.,49.,97,6
848,3.,49.25,93,6
849,3.,49.5,89,6
850,3.,49.75,85,6
851,3.,50.,81,6
852,3.,50.25,76,2
853,3.,50.5,70,2
854,3.,50.75,65,2
855,3.,51.,59,2
856,3.,51.25,53,2
857,3.,51.5,46,2
858,3.,51.75,40,2
859,3.,52.,35,2
860,3.,52.25,29,2
861,3.,52.5,25,2
862,3.25,42.5,20,1
863,3.25,42.75,24,1
864,3.25,43.,29,1
865,3.25,43.25,35,10
866,3.25,43.5,41,10
867,3.25,43.75,48,10
868,3.25,44.,56,10
869,3.25,44.25,64,10
870,3.25,44.5,73,10
871,3.25,44.75,82,10
872,3.25,45.,91,10
873,3.25,45.25,101,10
874,3.25,45.5,109,10
875,3.25,45.75,117,10
876,3.25,46.,124,10
877,3.25,46.25,129,10
878,3.25,46.5,133,10
879,3.25,46.75,135,10
880,3.25,47.,136,10
881,3.25,47.25,135,10
882,3.25,47.5,133,6
883,3.25,47.75,130,6
884,3.25,48.,127,6
885,3.25,48.25,123,6
886,3.25,48.5,119,6
887,3.25,48.75,116,6
888,3.25,49.,113,6
889,3.25,49.25,109,6
890,3.25,49.5,106,6
891,3.25,49.75,102,8
892,3.25,50.,98,8
893,3.25,50.25,93,8
894,3.25,50.5,87,8
895,3.25,50.75,81,8
896,3.25,51.,73,2
897,3.25,51.25,65,2
898,3.25,51.5,58,2
899,3.25,51.75,50,2
900,3.25,52.,43,2
901,3.25,52.25,36,2
902,3.25,52.5,30,2
903,3.5,42.5,21,1
904,3.5,42.75,26,10
905,3.5,43.,31,10
906,3.5,43.25,37,10
907,3.5,43.5,44,10
908,3.5,43.75,52,10
909,3.5,44.,61,10
910,3.5,44.25,71,10
911,3.5,44.5,81,10
912,3.5,44.75,91,10
913,3.5,45.,102,10
914,3.5,45.25,113,10
915,3.5,45.5,123,10
916,3.5,45.75,133,10
917,3.5,46.,141,10
918,3.5,46.25,147,10
919,3.5,46.5,152,10
920,3.5,46.75,155,10
921,3.5,47.,156,10
922,3.5,47.25,156,10
923,3.5,47.5,154,6
924,3.5,47.75,151,6
925,3.5,48.,148,6
926,3.5,48.25,144,6
927,3.5,48.5,141,6
928,3.5,48.75,138,6
929,3.5,49.,135,8
930,3.5,49.25,132,8
931,3.5,49.5,130,8
932,3.5,49.75,127,8
933,3.5,50.,123,8
934,3.5,50.25,117,8
935,3.5,50.5,110,8
936,3.5,50.75,102,8
937,3.5,51.,92,2
938,3.5,51.25,82,2
939,3.5,51.5,72,2
940,3.5,51.75,62,2
941,3.5,52.,52,2
942,3.5,52.25,44,2
943,3.5,52.5,36,2
944,3.75,42.5,24,10
945,3.75,42.75,29,10
946,3.75,43.,35,10
947,3.75,43.25,42,10
948,3.75,43.5,50,10
949,3.75,43.75,59,10
950,3.75,44.,70,10
951,3.75,44.25,81,10
952,3.75,44.5,94,10
953,3.75,44.75,107,10
954,3.75,45.,120,10
955,3.75,45.25,133,10
956,3.75,45.5,146,10
957,3.75,45.75,158,10
958,3.75,46.,168,10
959,3.75,46.25,177,10
960,3.75,46.5,183,10
961,3.75,46.75,187,10
962,3.75,47.,188,10
963,3.75,47.25,188,5
964,3.75,47.5,186,5
965,3.75,47.75,182,5
966,3.75,48.,178,5
967,3.75,48.25,174,5
968,3.75,48.5,170,5
969,3.75,48.75,167,5
970,3.75,49.,165,5
971,3.75,49.25,164,8
972,3.75,49.5,162,8
973,3.75,49.75,160,8
974,3.75,50.,156,8
975,3.75,50.25,149,8
976,3.75,50.5,141,8
977,3.75,50.75,130,8
978,3.75,51.,118,2
979,3.75,51.25,104,2
980,3.75,51.5,90,2
981,3.75,51.75,77,2
982,3.75,52.,65,2
983,3.75,52.25,54,2
984,3.75,52.5,44,2
985,4.,42.5,27,10
986,4.,42.75,33,10
987,4.,43.,40,10
988,4.,43.25,48,10
989,4.,43.5,58,10
990,4.,43.75,70,10
991,4.,44.,82,10
992,4.,44.25,96,10
993,4.,44.5,112,10
994,4.,44.75,128,10
995,4.,45.,146,10
996,4.,45.25,163,10
997,4.,45.5,180,10
998,4.,45.75,195,10
999,4.,46.,209,10
1000,4.,46.25,220,10
1001,4.,46.5,228,10
1002,4.,46.75,233,5
1003,4.,47.,235,5
1004,4.,47.25,234,5
1005,4.,47.5,230,5
1006,4.,47.75,225,5
1007,4.,48.,220,5
1008,4.,48.25,214,5
1009,4.,48.5,210,5
1010,4.,48.75,207,5
1011,4.,49.,205,5
1012,4.,49.25,205,8
1013,4.,49.5,204,8
1014,4.,49.75,203,8
1015,4.,50.,199,8
1016,4.,50.25,192,8
1017,4.,50.5,181,8
1018,4.,50.75,167,8
1019,4.,51.,150,8
1020,4.,51.25,132,2
1021,4.,51.5,113,2
1022,4.,51.75,96,2
1023,4.,52.,79,2
1024,4.,52.25,65,2
1025,4.,52.5,53,2
1026,4.25,42.5,30,7
1027,4.25,42.75,38,7
1028,4.25,43.,46,7
1029,4.25,43.25,57,7
1030,4.25,43.5,69,7
1031,4.25,43.75,83,7
1032,4.25,44.,99,7
1033,4.25,44.25,117,7
1034,4.25,44.5,137,7
1035,4.25,44.75,158,10
1036,4.25,45.,180,10
1037,4.25,45.25,203,10
1038,4.25,45.5,226,10
1039,4.25,45.75,247,10
1040,4.25,46.,265,10
1041,4.25,46.25,280,10
1042,4.25,46.5,291,5
1043,4.25,46.75,297,5
1044,4.25,47.,299,5
1045,4.25,47.25,297,5
1046,4.25,47.5,291,5
1047,4.25,47.75,283,5
1048,4.25,48.,275,5
1049,4.25,48.25,267,5
1050,4.25,48.5,261,5
1051,4.25,48.75,257,5
1052,4.25,49.,256,5
1053,4.25,49.25,257,8
1054,4.25,49.5,259,8
1055,4.25,49.75,259,8
1056,4.25,50.,256,8
1057,4.25,50.25,249,8
1058,4.25,50.5,235,8
1059,4.25,50.75,215,8
1060,4.25,51.,192,8
1061,4.25,51.25,167,2
1062,4.25,51.5,141,2
1063,4.25,51.75,118,2
1064,4.25,52.,97,2
1065,4.25,52.25,78,2
1066,4.25,52.5,63,2
1067,4.5,42.5,35,7
1068,4.5,42.75,44,7
1069,4.5,43.,54,7
1070,4.5,43.25,67,7
1071,4.5,43.5,82,7
1072,4.5,43.75,99,7
1073,4.5,44.,120,7
1074,4.5,44.25,143,7
1075,4.5,44.5,168,7
1076,4.5,44.75,196,7
1077,4.5,45.,226,10
1078,4.5,45.25,257,10
1079,4.5,45.5,287,10
1080,4.5,45.75,316,10
1081,4.5,46.,341,10
1082,4.5,46.25,362,10
1083,4.5,46.5,376,5
1084,4.5,46.75,384,5
1085,4.5,47.,386,5
1086,4.5,47.25,381,5
1087,4.5,47.5,372,5
1088,4.5,47.75,360,5
1089,4.5,48.,346,5
1090,4.5,48.25,334,5
1091,4.5,48.5,325,5
1092,4.5,48.75,320,5
1093,4.5,49.,319,5
1094,4.5,49.25,322,8
1095,4.5,49.5,327,8
1096,4.5,49.75,332,8
1097,4.5,50.,331,8
1098,4.5,50.25,322,8
1099,4.5,50.5,304,8
1100,4.5,50.75,277,8
1101,4.5,51.,244,8
1102,4.5,51.25,209,2
1103,4.5,51.5,175,2
1104,4.5,51.75,144,2
1105,4.5,52.,116,2
1106,4.5,52.25,93,2
1107,4.5,52.5,73,2
1108,4.75,42.5,41,7
1109,4.75,42.75,51,7
1110,4.75,43.,64,7
1111,4.75,43.25,79,7
1112,4.75,43.5,98,7
1113,4.75,43.75,120,7
1114,4.75,44.,145,7
1115,4.75,44.25,175,7
1116,4.75,44.5,208,7
1117,4.75,44.75,245,7
1118,4.75,45.,285,7
1119,4.75,45.25,327,10
1120,4.75,45.5,368,10
1121,4.75,45.75,407,10
1122,4.75,46.,442,10
1123,4.75,46.25,471,5
1124,4.75,46.5,491,5
1125,4.75,46.75,501,5
1126,4.75,47.,502,5
1127,4.75,47.25,493,5
1128,4.75,47.5,478,5
1129,4.75,47.75,458,5
1130,4.75,48.,437,5
1131,4.75,48.25,418,5
1132,4.75,48.5,404,5
1133,4.75,48.75,395,5
1134,4.75,49.,395,5
1135,4.75,49.25,402,8
1136,4.75,49.5,413,8
1137,4.75,49.75,424,8
1138,4.75,50.,428,8
1139,4.75,50.25,419,8
1140,4.75,50.5,395,8
1141,4.75,50.75,356,8
1142,4.75,51.,309,8
1143,4.75,51.25,261,8
1144,4.75,51.5,214,2
1145,4.75,51.75,173,2
1146,4.75,52.,138,2
1147,4.75,52.25,109,2
1148,4.75,52.5,85,2
1149,5.,42.5,47,7
1150,5.,42.75,59,7
1151,5.,43.,75,7
1152,5.,43.25,94,7
1153,5.,43.5,116,7
1154,5.,43.75,144,7
1155,5.,44.,176,7
1156,5.,44.25,214,7
1157,5.,44.5,258,7
1158,5.,44.75,307,7
1159,5.,45.,360,7
1160,5.,45.25,416,7
1161,5.,45.5,473,10
1162,5.,45.75,527,10
1163,5.,46.,576,10
1164,5.,46.25,616,5
1165,5.,46.5,643,5
1166,5.,46.75,656,5
1167,5.,47.,655,5
1168,5.,47.25,641,5
1169,5.,47.5,616,5
1170,5.,47.75,585,5
1171,5.,48.,552,5
1172,5.,48.25,522,5
1173,5.,48.5,499,5
1174,5.,48.75,485,5
1175,5.,49.,484,5
1176,5.,49.25,495,8
1177,5.,49.5,516,8
1178,5.,49.75,539,8
1179,5.,50.,553,8
1180,5.,50.25,546,8
1181,5.,50.5,512,8
1182,5.,50.75,455,8
1183,5.,51.,387,8
1184,5.,51.25,319,8
1185,5.,51.5,257,2
1186,5.,51.75,204,2
1187,5.,52.,160,2
1188,5.,52.25,125,2
1189,5.,52.5,96,2
1190,5.25,42.5,54,7
1191,5.25,42.75,69,7
1192,5.25,43.,87,7
1193,5.25,43.25,110,7
1194,5.25,43.5,138,7
1195,5.25,43.75,172,7
1196,5.25,44.,213,7
1197,5.25,44.25,262,7
1198,5.25,44.5,318,7
1199,5.25,44.75,382,7
1200,5.25,45.,453,7
1201,5.25,45.25,529,7
1202,5.25,45.5,607,7
1203,5.25,45.75,683,10
1204,5.25,46.,751,5
1205,5.25,46.25,807,5
1206,5.25,46.5,846,5
1207,5.25,46.75,863,5
1208,5.25,47.,859,5
1209,5.25,47.25,835,5
1210,5.25,47.5,796,5
1211,5.25,47.75,747,5
1212,5.25,48.,696,5
1213,5.25,48.25,648,5
1214,5.25,48.5,611,5
1215,5.25,48.75,588,5
1216,5.25,49.,584,5
1217,5.25,49.25,600,8
1218,5.25,49.5,634,8
1219,5.25,49.75,678,8
1220,5.25,50.,712,8
1221,5.25,50.25,711,8
1222,5.25,50.5,662,8
1223,5.25,50.75,575,8
1224,5.25,51.,476,8
1225,5.25,51.25,383,8
1226,5.25,51.5,302,2
1227,5.25,51.75,235,2
1228,5.25,52.,182,2
1229,5.25,52.25,140,2
1230,5.25,52.5,107,2
1231,5.5,42.5,62,7
1232,5.5,42.75,79,7
1233,5.5,43.,101,7
1234,5.5,43.25,128,7
1235,5.5,43.5,162,7
1236,5.5,43.75,204,7
1237,5.5,44.,255,7
1238,5.5,44.25,317,7
1239,5.5,44.5,389,7
1240,5.5,44.75,473,7
1241,5.5,45.,567,7
1242,5.5,45.25,670,7
1243,5.5,45.5,777,7
1244,5.5,45.75,883,7
1245,5.5,46.,980,5
1246,5.5,46.25,1060,5
1247,5.5,46.5,1114,5
1248,5.5,46.75,1138,5
1249,5.5,47.,1129,5
1250,5.5,47.25,1090,5
1251,5.5,47.5,1028,5
1252,5.5,47.75,952,5
1253,5.5,48.,873,5
1254,5.5,48.25,800,5
1255,5.5,48.5,741,5
1256,5.5,48.75,703,5
1257,5.5,49.,692,5
1258,5.5,49.25,711,8
1259,5.5,49.5,761,8
1260,5.5,49.75,835,8
1261,5.5,50.,910,8
1262,5.5,50.25,928,8
1263,5.5,50.5,848,8
1264,5.5,50.75,711,8
1265,5.5,51.,568,8
1266,5.5,51.25,443,8
1267,5.5,51.5,342,8
1268,5.5,51.75,262,2
1269,5.5,52.,200,2
1270,5.5,52.25,152,2
1271,5.5,52.5,116,2
1272,5.75,42.5,70,7
1273,5.75,42.75,90,7
1274,5.75,43.,116,7
1275,5.75,43.25,148,7
1276,5.75,43.5,189,7
1277,5.75,43.75,240,7
1278,5.75,44.,303,7
1279,5.75,44.25,380,7
1280,5.75,44.5,472,7
1281,5.75,44.75,580,7
1282,5.75,45.,704,7
1283,5.75,45.25,842,7
1284,5.75,45.5,989,7
1285,5.75,45.75,1138,7
1286,5.75,46.,1276,5
1287,5.75,46.25,1391,5
1288,5.75,46.5,1470,5
1289,5.75,46.75,1502,5
1290,5.75,47.,1485,5
1291,5.75,47.25,1422,5
1292,5.75,47.5,1326,5
1293,5.75,47.75,1210,5
1294,5.75,48.,1090,5
1295,5.75,48.25,980,5
1296,5.75,48.5,889,5
1297,5.75,48.75,827,5
1298,5.75,49.,801,5
1299,5.75,49.25,815,8
1300,5.75,49.5,876,8
1301,5.75,49.75,987,8
1302,5.75,50.,1133,8
1303,5.75,50.25,1211,8
1304,5.75,50.5,1060,8
1305,5.75,50.75,837,8
1306,5.75,51.,644,8
1307,5.75,51.25,491,8
1308,5.75,51.5,373,8
1309,5.75,51.75,282,8
1310,5.75,52.,213,2
1311,5.75,52.25,161,2
1312,5.75,52.5,122,2
1313,6.,42.5,78,7
1314,6.,42.75,101,7
1315,6.,43.,131,7
1316,6.,43.25,169,7
1317,6.,43.5,218,7
1318,6.,43.75,279,7
1319,6.,44.,355,7
1320,6.,44.25,450,7
1321,6.,44.5,565,7
1322,6.,44.75,703,7
1323,6.,45.,865,7
1324,6.,45.25,1049,7
1325,6.,45.5,1251,7
1326,6.,45.75,1459,7
1327,6.,46.,1657,5
1328,6.,46.25,1825,5
1329,6.,46.5,1940,5
1330,6.,46.75,1986,5
1331,6.,47.,1956,5
1332,6.,47.25,1857,5
1333,6.,47.5,1708,5
1334,6.,47.75,1532,5
1335,6.,48.,1353,5
1336,6.,48.25,1190,5
1337,6.,48.5,1054,5
1338,6.,48.75,956,5
1339,6.,49.,903,5
1340,6.,49.25,901,8
1341,6.,49.5,955,8
1342,6.,49.75,1077,8
1343,6.,50.,1279,8
1344,6.,50.25,1581,8
1345,6.,50.5,1193,8
1346,6.,50.75,901,8
1347,6.,51.,679,8
1348,6.,51.25,513,8
1349,6.,51.5,387,8
1350,6.,51.75,292,8
1351,6.,52.,220,2
1352,6.,52.25,166,2
1353,6.,52.5,125,2
1354,6.25,42.5,86,7
1355,6.25,42.75,113,7
1356,6.25,43.,147,7
1357,6.25,43.25,191,7
1358,6.25,43.5,247,7
1359,6.25,43.75,319,7
1360,6.25,44.,410,7
1361,6.25,44.25,524,7
1362,6.25,44.5,666,7
1363,6.25,44.75,840,7
1364,6.25,45.,1048,7
1365,6.25,45.25,1291,7
1366,6.25,45.5,1564,7
1367,6.25,45.75,1855,7
1368,6.25,46.,2140,5
1369,6.25,46.25,2388,5
1370,6.25,46.5,2562,5
1371,6.25,46.75,2628,5
1372,6.25,47.,2577,5
1373,6.25,47.25,2420,5
1374,6.25,47.5,2190,5
1375,6.25,47.75,1927,5
1376,6.25,48.,1665,5
1377,6.25,48.25,1429,5
1378,6.25,48.5,1234,5
1379,6.25,48.75,1088,5
1380,6.25,49.,996,5
1381,6.25,49.25,960,8
1382,6.25,49.5,983,8
1383,6.25,49.75,1066,8
1384,6.25,50.,1191,8
1385,6.25,50.25,1253,8
1386,6.25,50.5,1091,8
1387,6.25,50.75,860,8
1388,6.25,51.,661,8
1389,6.25,51.25,503,8
1390,6.25,51.5,382,8
1391,6.25,51.75,289,8
1392,6.25,52.,218,8
1393,6.25,52.25,165,2
1394,6.25,52.5,125,2
1395,6.5,42.5,94,7
1396,6.5,42.75,124,7
1397,6.5,43.,162,7
1398,6.5,43.25,211,7
1399,6.5,43.5,276,7
1400,6.5,43.75,359,7
1401,6.5,44.,465,7
1402,6.5,44.25,601,7
1403,6.5,44.5,772,7
1404,6.5,44.75,986,7
1405,6.5,45.,1249,7
1406,6.5,45.25,1563,7
1407,6.5,45.5,1928,7
1408,6.5,45.75,2331,7
1409,6.5,46.,2742,5
1410,6.5,46.25,3114,5
1411,6.5,46.5,3380,5
1412,6.5,46.75,3482,5
1413,6.5,47.,3394,5
1414,6.5,47.25,3144,5
1415,6.5,47.5,2790,5
1416,6.5,47.75,2400,5
1417,6.5,48.,2025,5
1418,6.5,48.25,1694,5
1419,6.5,48.5,1423,5
1420,6.5,48.75,1218,5
1421,6.5,49.,1076,5
1422,6.5,49.25,996,8
1423,6.5,49.5,971,8
1424,6.5,49.75,990,8
1425,6.5,50.,1023,8
1426,6.5,50.25,1011,8
1427,6.5,50.5,909,8
1428,6.5,50.75,755,8
1429,6.5,51.,601,8
1430,6.5,51.25,468,8
1431,6.5,51.5,360,8
1432,6.5,51.75,275,8
1433,6.5,52.,210,8
1434,6.5,52.25,159,8
1435,6.5,52.5,121,2
1436,6.75,42.5,101,7
1437,6.75,42.75,133,7
1438,6.75,43.,176,7
1439,6.75,43.25,231,7
1440,6.75,43.5,303,7
1441,6.75,43.75,397,7
1442,6.75,44.,518,7
1443,6.75,44.25,675,7
1444,6.75,44.5,877,7
1445,6.75,44.75,1133,7
1446,6.75,45.,1455,7
1447,6.75,45.25,1853,7
1448,6.75,45.5,2330,7
1449,6.75,45.75,2879,7
1450,6.75,46.,3469,5
1451,6.75,46.25,4031,5
1452,6.75,46.5,4452,5
1453,6.75,46.75,4616,5
1454,6.75,47.,4466,5
1455,6.75,47.25,4059,5
1456,6.75,47.5,3514,5
1457,6.75,47.75,2944,5
1458,6.75,48.,2419,5
1459,6.75,48.25,1973,5
1460,6.75,48.5,1614,5
1461,6.75,48.75,1341,5
1462,6.75,49.,1144,5
1463,6.75,49.25,1015,8
1464,6.75,49.5,940,8
1465,6.75,49.75,903,8
1466,6.75,50.,877,8
1467,6.75,50.25,832,8
1468,6.75,50.5,750,8
1469,6.75,50.75,640,8
1470,6.75,51.,524,8
1471,6.75,51.25,418,8
1472,6.75,51.5,327,8
1473,6.75,51.75,254,8
1474,6.75,52.,196,8
1475,6.75,52.25,150,8
1476,6.75,52.5,114,8
1477,7.,42.5,107,7
1478,7.,42.75,142,7
1479,7.,43.,187,7
1480,7.,43.25,247,7
1481,7.,43.5,326,7
1482,7.,43.75,430,7
1483,7.,44.,565,7
1484,7.,44.25,742,7
1485,7.,44.5,972,7
1486,7.,44.75,1270,7
1487,7.,45.,1652,7
1488,7.,45.25,2137,7
1489,7.,45.5,2741,7
1490,7.,45.75,3469,7
1491,7.,46.,4300,5
1492,7.,46.25,5151,5
1493,7.,46.5,5843,5
1494,7.,46.75,6122,5
1495,7.,47.,5855,5
1496,7.,47.25,5177,5
1497,7.,47.5,4341,5
1498,7.,47.75,3528,5
1499,7.,48.,2821,5
1500,7.,48.25,2244,5
1501,7.,48.5,1792,5
1502,7.,48.75,1450,5
1503,7.,49.,1199,5
1504,7.,49.25,1024,8
1505,7.,49.5,905,8
1506,7.,49.75,825,8
1507,7.,50.,763,8
1508,7.,50.25,700,8
1509,7.,50.5,625,8
1510,7.,50.75,538,8
1511,7.,51.,448,8
1512,7.,51.25,364,8
1513,7.,51.5,290,8
1514,7.,51.75,228,8
1515,7.,52.,178,8
1516,7.,52.25,138,8
1517,7.,52.5,106,8
1518,7.25,42.5,112,7
1519,7.25,42.75,148,7
1520,7.25,43.,196,7
1521,7.25,43.25,260,7
1522,7.25,43.5,344,7
1523,7.25,43.75,455,7
1524,7.25,44.,602,7
1525,7.25,44.25,795,7
1526,7.25,44.5,1049,7
1527,7.25,44.75,1383,7
1528,7.25,45.,1818,7
1529,7.25,45.25,2384,7
1530,7.25,45.5,3111,7
1531,7.25,45.75,4030,7
1532,7.25,46.,5152,5
1533,7.25,46.25,6421,5
1534,7.25,46.5,7595,5
1535,7.25,46.75,8123,5
1536,7.25,47.,7606,5
1537,7.25,47.25,6444,5
1538,7.25,47.5,5188,5
1539,7.25,47.75,4082,5
1540,7.25,48.,3182,5
1541,7.25,48.25,2477,5
1542,7.25,48.5,1938,5
1543,7.25,48.75,1534,5
1544,7.25,49.,1237,5
1545,7.25,49.25,1023,8
1546,7.25,49.5,870,8
1547,7.25,49.75,760,8
1548,7.25,50.,675,8
1549,7.25,50.25,601,8
1550,7.25,50.5,528,8
1551,7.25,50.75,454,8
1552,7.25,51.,381,8
1553,7.25,51.25,313,8
1554,7.25,51.5,253,8
1555,7.25,51.75,202,8
1556,7.25,52.,159,8
1557,7.25,52.25,124,8
1558,7.25,52.5,96,8
1559,7.5,42.5,115,7
1560,7.5,42.75,152,7
1561,7.5,43.,202,7
1562,7.5,43.25,268,7
1563,7.5,43.5,356,7
1564,7.5,43.75,472,7
1565,7.5,44.,626,7
1566,7.5,44.25,830,7
1567,7.5,44.5,1100,7
1568,7.5,44.75,1458,7
1569,7.5,45.,1930,7
1570,7.5,45.25,2554,7
1571,7.5,45.5,3375,7
1572,7.5,45.75,4451,7
1573,7.5,46.,5843,5
1574,7.5,46.25,7597,5
1575,7.5,46.5,9588,5
1576,7.5,46.75,10783,5
1577,7.5,47.,9598,5
1578,7.5,47.25,7617,5
1579,7.5,47.5,5875,5
1580,7.5,47.75,4496,5
1581,7.5,48.,3436,5
1582,7.5,48.25,2633,5
1583,7.5,48.5,2030,5
1584,7.5,48.75,1582,5
1585,7.5,49.,1252,5
1586,7.5,49.25,1011,8
1587,7.5,49.5,835,8
1588,7.5,49.75,706,8
1589,7.5,50.,606,8
1590,7.5,50.25,525,8
1591,7.5,50.5,453,8
1592,7.5,50.75,386,8
1593,7.5,51.,325,8
1594,7.5,51.25,269,8
1595,7.5,51.5,219,8
1596,7.5,51.75,176,8
1597,7.5,52.,140,8
1598,7.5,52.25,110,8
1599,7.5,52.5,86,8
1600,7.75,42.5,116,7
1601,7.75,42.75,154,7
1602,7.75,43.,204,7
1603,7.75,43.25,271,7
1604,7.75,43.5,360,7
1605,7.75,43.75,478,7
1606,7.75,44.,635,7
1607,7.75,44.25,842,7
1608,7.75,44.5,1118,7
1609,7.75,44.75,1484,7
1610,7.75,45.,1971,7
1611,7.75,45.25,2616,7
1612,7.75,45.5,3473,7
1613,7.75,45.75,4610,7
1614,7.75,46.,6120,7
1615,7.75,46.25,8124,5
1616,7.75,46.5,10785,5
1617,7.75,46.75,14317,5
1618,7.75,47.,10794,5
1619,7.75,47.25,8142,5
1620,7.75,47.5,6147,5
1621,7.75,47.75,4648,5
1622,7.75,48.,3524,5
1623,7.75,48.25,2682,5
1624,7.75,48.5,2053,5
1625,7.75,48.75,1585,5
1626,7.75,49.,1239,5
1627,7.75,49.25,984,8
1628,7.75,49.5,796,8
1629,7.75,49.75,656,8
1630,7.75,50.,549,8
1631,7.75,50.25,464,8
1632,7.75,50.5,394,8
1633,7.75,50.75,332,8
1634,7.75,51.,278,8
1635,7.75,51.25,230,8
1636,7.75,51.5,188,8
1637,7.75,51.75,153,8
1638,7.75,52.,122,8
1639,7.75,52.25,97,8
1640,7.75,52.5,77,8
1641,8.,42.5,115,7
1642,8.,42.75,153,7
1643,8.,43.,203,7
1644,8.,43.25,269,7
1645,8.,43.5,357,7
1646,8.,43.75,473,7
1647,8.,44.,627,7
1648,8.,44.25,831,7
1649,8.,44.5,1101,7
1650,8.,44.75,1459,7
1651,8.,45.,1932,7
1652,8.,45.25,2556,7
1653,8.,45.5,3377,7
1654,8.,45.75,4452,7
1655,8.,46.,5844,7
1656,8.,46.25,7597,5
1657,8.,46.5,9586,5
1658,8.,46.75,10779,5
1659,8.,47.,9593,5
1660,8.,47.25,7612,5
1661,8.,47.5,5867,5
1662,8.,47.75,4484,5
1663,8.,48.,3419,5
1664,8.,48.25,2610,5
1665,8.,48.5,1999,5
1666,8.,48.75,1540,5
1667,8.,49.,1197,5
1668,8.,49.25,941,8
1669,8.,49.5,751,8
1670,8.,49.75,608,8
1671,8.,50.,499,8
1672,8.,50.25,414,8
1673,8.,50.5,345,8
1674,8.,50.75,288,8
1675,8.,51.,240,8
1676,8.,51.25,198,8
1677,8.,51.5,162,8
1678,8.,51.75,132,8
1679,8.,52.,106,8
1680,8.,52.25,85,8
1681,8.,52.5,67,8
